Customer_ID,Password
b0ec3894ce1e2d319363928f8b4649a4,Olist
2c59071cb3b43a971e166dc9e2a410f2,Olist
9393ea60acdf05a4004483c3b7c24d77,Olist
352960fe6741c7944bd2007d8d1d3f64,Olist
d5f6259a2f0fa2907ce0d47876f0852f,Olist
a34cb9acedf3c08390532e4df4f38ac7,Olist
54ca6dc5e99a82fe5112744bc4e9ef26,Olist
54ca6dc5e99a82fe5112744bc4e9ef26,Olist
54ca6dc5e99a82fe5112744bc4e9ef26,Olist
0a63548671f07e285558169123b2ab35,Olist
ce667e4b89cd1137f40a8d799354b674,Olist
6e875338f7a2933dcabb08b9404c3f72,Olist
1e731fba87f0c669e7909fb9a7ce408d,Olist
1e731fba87f0c669e7909fb9a7ce408d,Olist
1e731fba87f0c669e7909fb9a7ce408d,Olist
1e731fba87f0c669e7909fb9a7ce408d,Olist
ccef9579d4093da59f1a24bed9091fd5,Olist
ba9e2ff94ab776d05be0cbd067755c50,Olist
d0d47db5ad7c0d4e67ef8587667fe9b4,Olist
5146d2de3f8139107458758bcb6d3db7,Olist
744e512de8ebc8f28c301d0c4e874293,Olist
1aeeb63dba7f0ac8d35d42f7a12d2004,Olist
da42c4f5f48db6c2e09ae4fef214098a,Olist
da42c4f5f48db6c2e09ae4fef214098a,Olist
7d498305b94fb1d7f3e26e6fce47e4cd,Olist
efc09af87a17c5e3af68c5c2af9768ea,Olist
efc09af87a17c5e3af68c5c2af9768ea,Olist
fc9fdbf5a26b1399e70bb3666cf7f9e6,Olist
b1a61930f7a035bc34f86f22eebed4ae,Olist
866797f8cd1ee4b1311ed5ff65bc6b0e,Olist
7d68e1861e0a36c2876e702fec92adf0,Olist
7d68e1861e0a36c2876e702fec92adf0,Olist
c5e7211f8786d4dd60119623f6364818,Olist
ed49fe4d74601cca98f28b3b5f3f8968,Olist
95ebcc4d6979728b4d9993a0c9b6abfb,Olist
331c5690c13e397b0e1fb1fb407c4f9f,Olist
209b7e0dd7774132fa4dcedca65fcda0,Olist
209b7e0dd7774132fa4dcedca65fcda0,Olist
927cd6e9fc974a3b4e48db435890ed8c,Olist
12263c794936bb8d261c59e7a5edb234,Olist
eb7a157e8da9c488cd4ddc48711f1097,Olist
eb7a157e8da9c488cd4ddc48711f1097,Olist
60c23b4f05e926f24472f5ae2ec6b89c,Olist
e898b5ef24833b9cb9e2d4f00b937595,Olist
6233e1c1b76b3f0e1527afdd8db0c7a1,Olist
6233e1c1b76b3f0e1527afdd8db0c7a1,Olist
01ea69b195809e2a8a932de44d8c0f73,Olist
1205480caca6c37f55954da838933b8a,Olist
e88d4e743698d9ff2690a7bec36cb88b,Olist
352960fe6741c7944bd2007d8d1d3f64,Olist
b75b98505892c6caa0292f5abe181ef6,Olist
b75b98505892c6caa0292f5abe181ef6,Olist
dd155e203febe51ad0be9fbdd27ea20e,Olist
01ea69b195809e2a8a932de44d8c0f73,Olist
3e337c99e0f5ff7ba9a4b98fbf7412fd,Olist
a48ba60be28864ede4421c52ae28761b,Olist
9ee07155110b11036bb4ef6350157ed3,Olist
109f80397e4897bbcf56313c25850332,Olist
5183ebec380dce5c4d15954fa170301e,Olist
44bc4c58308826749dd6bc260f1ae5f9,Olist
dd155e203febe51ad0be9fbdd27ea20e,Olist
56327d59c871dd2d1ccfafbc6db5d6ef,Olist
6191f53eb8ca0c04c84df58764791cd5,Olist
a4f28ed68b2f9af8945705a5b6a6703f,Olist
dcd522c6b3569f1e5b62b69a56a3b815,Olist
529f88b63d54d7c02bd9cbfd94ef9248,Olist
d7f9e3bed56f2896a2bd3a7a369d7d9a,Olist
437ad6139f698f32fd5301c1bc636e60,Olist
d010acc7fab9dd6b4779bfe36b73024f,Olist
74fbb79efe8970851ed1762f096e2d4d,Olist
d8a527d4870db60ec4cb46a8dd8f1c69,Olist
19a8557e231a08f8ba5848eff79f1199,Olist
a7c105e27ad87e9c6c3f324645800bf5,Olist
e5b8fa3d79376c3a36aeb7b6b413c647,Olist
e5b8fa3d79376c3a36aeb7b6b413c647,Olist
a2e1b81e95b64a49c8715043ec2bf878,Olist
cec800e76b1cc898de17926aa9e1e146,Olist
fc9fdbf5a26b1399e70bb3666cf7f9e6,Olist
71daf4742c71b01ee39793dc973b5591,Olist
50c98ff80c62d9255b10fff5f2fb57cd,Olist
84b9f36a23bcee1236bc7f13afab749d,Olist
6c44a903274653cddb1df3bcb05ac71f,Olist
aacae358a27a239fda5d05eb57a2a86c,Olist
a5138200b55abbe1d5d8035503f7dcc6,Olist
1435646705531d9d7ecba595d247bd50,Olist
c52cc5ca33a25f1f2a5e6ba48a1dcbdb,Olist
f0657244a858139dd9142b062d8903af,Olist
5f2cfa9c8c34ab5d785fbf253c63b930,Olist
940fe3db65ee9d7d1c57233b5f6ef1da,Olist
1205480caca6c37f55954da838933b8a,Olist
d9fc6dc9a00c7ec73a0d416b9a1b0136,Olist
964b34423c822e9bd9831635ccc83db2,Olist
16bd290303092475ef758981282d5b9a,Olist
16b5a0c654239c91496f748d0ced75b1,Olist
5b2b1bdafea16367486b3310068895fd,Olist
addd04ab13841b53ffabd423c800847a,Olist
d1bbabb3e3423611877e48e9ee631bfe,Olist
c8c985eb0e68ec4d734b8053186e8f8b,Olist
f134e43f36bf18609624f3e587b3b328,Olist
471c58cd2e88e9d71cb55ea00452a587,Olist
6078c8dc51c6fd4e5b6eedc57b35c1bb,Olist
8338cddb98bbda6167cbec66540a8942,Olist
a67a246af6ba598a14cc86df3c0354ee,Olist
0d861a5e4dd6a9079d89e1330848f0ab,Olist
d05e102089074ece592f77a56e66d08e,Olist
9b8af4016c309c2f095b858fe4d6d551,Olist
1205480caca6c37f55954da838933b8a,Olist
e5080a949c5c6925aa8b54b3f72bd8ba,Olist
e5080a949c5c6925aa8b54b3f72bd8ba,Olist
f7622098214b4634b7fe7eee269b5426,Olist
3191981f84b69ebcca47bce1954371fc,Olist
5e4aafed1eb7b023330c6085ea689f04,Olist
d29d92e86e87e8732c9558570df752ca,Olist
4934ff805b3b425278a6bf155a28dce0,Olist
85442da9cbd169529443a1d088a56346,Olist
b82f3c3423d8ffd289353c912be332f0,Olist
062850c890eb64c3bec2243bd551fb8f,Olist
062850c890eb64c3bec2243bd551fb8f,Olist
062850c890eb64c3bec2243bd551fb8f,Olist
24a982bba67ae6828be5c20e4b24dbf7,Olist
5402fa00ec8cbb42d265854d2cb9841f,Olist
dd7eb6ecd787c07ef08423cf05c6e56b,Olist
07731871dbc303d9af056c55552492de,Olist
1809a4d9621d6e57cbee32249da47055,Olist
878fb7268261810f07f1f10e36624224,Olist
a6fa8cc3630641be4f18edaee5e36e77,Olist
fe86c2c022a8d1665da64dabf0ceeaea,Olist
19a8557e231a08f8ba5848eff79f1199,Olist
46c8678b6afe29d90d3142f31ff01791,Olist
6141c2f0b2588d5a833cb947ca6c1a9b,Olist
8d4d9c0d24e15be31a852a8f0630156d,Olist
b0dcdd6af159e2c0b239f92dcc095d38,Olist
44132e7916e05d731a6e73ee520262f1,Olist
a01515e4086971d3bdd9b13283c6c5b1,Olist
cb831c015f5b26cae7cda73671c7510f,Olist
4c529f790c9af49f184fc36151d28dcd,Olist
6b90b6b48d55aa6fa6e3f9e9c3f04881,Olist
782a9d54af42b95ff6da5a84b90e5c41,Olist
2e5dabe6dab5a3fde1bcc01ec8e59b54,Olist
2e5dabe6dab5a3fde1bcc01ec8e59b54,Olist
4eb59d57e9c25a5d668bcea2100316a0,Olist
f73d378096054953caa2d69a8abceb73,Olist
6719f20371d31cb16a4b76b7e2d1cfe3,Olist
3c97b23a8b4e6e6e186ed13e99d295e2,Olist
cd152920bf236523f7f23b0c29468580,Olist
76df3b6412d4883dbc84402a5c659b5d,Olist
74741f26d461854aba87ef316dd54b9d,Olist
c0ca3b0cd457d58573982009c592f913,Olist
2a6948d5a2d84f87a130ad8c02b542e9,Olist
611018ac0e01d2dbf307450bd9ffd29b,Olist
ee4fb78170d564d965ac4d1cb80f5dd3,Olist
ee4fb78170d564d965ac4d1cb80f5dd3,Olist
b04387f66716ae227cca39f8ad86ddf9,Olist
a8a46b431d3684f3692579dbd45dcc9d,Olist
cd030cc7d9fe30c0ca7889aeffa326a4,Olist
086f2e7a1b67f590d6440b35b2e7246e,Olist
59e70f1a3f114665e9d5e636b52c2607,Olist
29c5b9b7cdb1dc4e4a574c5685c83102,Olist
6c44a903274653cddb1df3bcb05ac71f,Olist
26d42563197b6dee87cd3c74a65cca39,Olist
426cffff769b755f3d032efea2afb4b4,Olist
ccf45604e113bb9494059aba9817b285,Olist
67ec955996d7971b82e80aea6029aead,Olist
67ec955996d7971b82e80aea6029aead,Olist
67ec955996d7971b82e80aea6029aead,Olist
67ec955996d7971b82e80aea6029aead,Olist
6b9961cd2c203b4154482e717236a58e,Olist
337c852ccde94a3fd2b633895534a4c0,Olist
a1dbed0cbd8ce98fca7d5add7cb94689,Olist
ce189ff73aed087ab7393da0c12fa5d5,Olist
ce189ff73aed087ab7393da0c12fa5d5,Olist
21a498fded382f294edbde28ccb9c002,Olist
21a498fded382f294edbde28ccb9c002,Olist
71901689c5f3e5adc27b1dd16b33f0b8,Olist
dea5d6374006a4aa182a73371da9f731,Olist
24f8c8bdc4c0d2f09fab6429e2d10ca5,Olist
0ef00481c9167acfacca4616798fc06d,Olist
599db69c933e5f5a111f44e413ecff87,Olist
4a6ed71930a8dcd917e76a360713582c,Olist
d0d47db5ad7c0d4e67ef8587667fe9b4,Olist
e1e2548b6530546bddddc6dc623c6281,Olist
6c7aa7f4eee619102606e20914da066a,Olist
a103cd66a980f336d30492d01e9c3d71,Olist
d79f4a65ae3208f10ffa62977683c546,Olist
ba7df02cddb36d302d9a87ed492fdf07,Olist
4817f07387a8f00e2be43bf9ea007e4b,Olist
e36ec26bae335f7b13951d6897b8802f,Olist
cc93c8a56518db1b736fbb33bb74228d,Olist
b9038bec8a0b992f070fde7610f94a66,Olist
74f6b68ef147f4ed4c8abde5f5960481,Olist
1aeb1588530c8d12fbea98e9c6b102d3,Olist
1aeb1588530c8d12fbea98e9c6b102d3,Olist
a7c105e27ad87e9c6c3f324645800bf5,Olist
9a31f5e48f4274cd08d49d5b6681be28,Olist
e1e2548b6530546bddddc6dc623c6281,Olist
febf66a130bc1bc3d35546f466261511,Olist
670de4316291fd064c67a6dc89b10ca4,Olist
670de4316291fd064c67a6dc89b10ca4,Olist
b403064ab79055c7c332d922feff2bb6,Olist
91eaf667c6a3a4a40a147e8ac21f1877,Olist
34beea970220d74027a3daece88c07b2,Olist
bd51b2cec679d73d1170c69ec4a2c3de,Olist
83ea5d4cd198792de3596cf94415c907,Olist
828f99cdaca50196ee0a0b5f296017ab,Olist
08ebd8171843fa54338c3474439144a2,Olist
9f3b1b02cab2d6e609b3991f5cf2c203,Olist
bb0b2233b45074b8a5abdc679417bef3,Olist
911035bc0dcc0c5ee9580cbe3e59ed06,Olist
911035bc0dcc0c5ee9580cbe3e59ed06,Olist
cc0c38361d064bff576ef1fc19336cb8,Olist
accd76590a428aba5e578d4a7505645c,Olist
06c6f4eaf3c4f75577aced1da71c244f,Olist
2247fcbb5b0868e23a64ec1bdd6564ec,Olist
36dc6bb91bda12512a7e6c9734eec98d,Olist
32995e4cbc0128fbe56e9ee101a31916,Olist
4238449f57e600dc2183fa60672b3c1f,Olist
bd5c3a196a27361936b5ff684b567570,Olist
46ec8bcd9649f0f7bbb179bb59d6702e,Olist
8a39ba1fb8abc94cc279453bce49038c,Olist
dcbb7859db42a729d4cc316eb6691974,Olist
91694ff681d33e1a57cbb4bc22f3342e,Olist
ab73bc2a2fc1188712c1c764be830d08,Olist
74741f26d461854aba87ef316dd54b9d,Olist
bd00d85fe38ab7724a32f2608f8e39eb,Olist
bd00d85fe38ab7724a32f2608f8e39eb,Olist
ba2670f501b017aef92d953a58982d10,Olist
ba2670f501b017aef92d953a58982d10,Olist
71901689c5f3e5adc27b1dd16b33f0b8,Olist
04411d029ba983c1386fc99accec7c63,Olist
0af8a25fb0b6f833724bb5818275807b,Olist
33e66871536941873f7c041f120012be,Olist
94595ccee21b11325952776b516a0345,Olist
3f7c3edf69a273ced1ea2dd193cbb7dd,Olist
7074b20d7eb3f9f5772cd7cb57943fdf,Olist
a6d8c2fa92836346256c28d885d9eea0,Olist
fb6895f16f2b933e56af615dbcecf0aa,Olist
1eba0a3110dfb65297fc6fe9959c3641,Olist
1eba0a3110dfb65297fc6fe9959c3641,Olist
329b7eb09d495661adbfb762e90eac15,Olist
329b7eb09d495661adbfb762e90eac15,Olist
0197df52c22d6ef0aa52ffb63ac80404,Olist
d71c6edfaf2850bafce5d8a655d34413,Olist
ebc3b08c677f9b7b302982773fae3dbf,Olist
35aa57b591f1dd750d03ad11047bf18a,Olist
35aa57b591f1dd750d03ad11047bf18a,Olist
35aa57b591f1dd750d03ad11047bf18a,Olist
35aa57b591f1dd750d03ad11047bf18a,Olist
35aa57b591f1dd750d03ad11047bf18a,Olist
35aa57b591f1dd750d03ad11047bf18a,Olist
93b5abb190d46114e4ef01a59bfd85bb,Olist
93b5abb190d46114e4ef01a59bfd85bb,Olist
29cd5d64c1d683f8d652670417b62b8a,Olist
e9bca2aac8f400109e997596326d9227,Olist
2e8b2cd27d9c45276aaf3fa97a15edeb,Olist
7a5f00b8eaeff82f1d3be0ff6ef8035e,Olist
4e5625bd8071649b275dcce5f9aaec1c,Olist
51c6d78b0966e3ea78adb5f8c7be6c5a,Olist
a0b828674053768d72daefb412b43410,Olist
3b54b5978e9ace64a63f90d176ffb158,Olist
337c852ccde94a3fd2b633895534a4c0,Olist
e77c725677d8c9c7a37159276095b116,Olist
5c51fe11e0c3a016201653955c6090ee,Olist
e09bddc2b1cb1ef0e2e4829e02303212,Olist
a0f578fe552521788131d5e9cb728e0b,Olist
bfac2ef907f4452ccf633343ddfbac3f,Olist
bfac2ef907f4452ccf633343ddfbac3f,Olist
9ae4bf2bb990fa503baa7e1feaf6f60e,Olist
accd76590a428aba5e578d4a7505645c,Olist
96ea57fa9cfeebd7fa51c5cc238c6126,Olist
29cd5d64c1d683f8d652670417b62b8a,Olist
ef8d59a019f2f85c6ccb715d0da3947c,Olist
ef8d59a019f2f85c6ccb715d0da3947c,Olist
0a63548671f07e285558169123b2ab35,Olist
8879c7d78891f3ea3634bf6369c02587,Olist
d29d92e86e87e8732c9558570df752ca,Olist
2fcb7134817794819a8fe5e29c80fb9e,Olist
e1962dab54d985f90ad2a139dc2f5e54,Olist
185086f7b5b98370b0d12e2100a69e08,Olist
91694ff681d33e1a57cbb4bc22f3342e,Olist
8253eb6666e74b699841a5ad240bfcda,Olist
eb45ea5db48052fd29e0c6dc79b40de3,Olist
4d184b2d4fcbc123ce36c25707636477,Olist
3051d9077213c59aa7c02b834b88c343,Olist
e155239b84f65a2131ab4ade06f9fcb2,Olist
14e866d63b658a85948f6b785ea82d2f,Olist
e17afd09a7415bfaea4762a63683b83e,Olist
e17afd09a7415bfaea4762a63683b83e,Olist
3d9b3665a39eb741b1ae50706cbddb8d,Olist
446178189afff5d8bc533ad62ccde8e4,Olist
446178189afff5d8bc533ad62ccde8e4,Olist
ac3e01509ab5a9e7bb1bb344048ef81d,Olist
ac3e01509ab5a9e7bb1bb344048ef81d,Olist
c4dcbf01db308f71ac36429315b8f755,Olist
1f91e5b12976cbf0cc92a143dda96e0f,Olist
9801a1119c91032c99a15a846d4f5aa0,Olist
33e66871536941873f7c041f120012be,Olist
e898b5ef24833b9cb9e2d4f00b937595,Olist
f79c9ce96b5c0d7c708917616a0ba2fe,Olist
22a4b8a7912abc2b02051dca85e02564,Olist
22a4b8a7912abc2b02051dca85e02564,Olist
af1f25102280108074d2a310ffe4bd1e,Olist
d699f64b223f98ab755be189008776e1,Olist
eddc5297a74164ee82529b15e8357af7,Olist
eddc5297a74164ee82529b15e8357af7,Olist
4e91e8b56d8681a7002d2487ca151c92,Olist
c64e6cd99ad2fafbb731fb38d4f17ca6,Olist
a1dbed0cbd8ce98fca7d5add7cb94689,Olist
71e1b42b5409c7a08234a645bd1e3ab2,Olist
8a2f91d09e7ed0db94b1c9d1dac0e305,Olist
b9038bec8a0b992f070fde7610f94a66,Olist
0d3d95013b7a4c460a17c5e041aa0680,Olist
6e395adcac53d7819940f584122d9fa9,Olist
73b25d06c4c8b89ac3c9ec3198e843d7,Olist
f90f26ae5ceccfc421ea191d8e72e054,Olist
144d6b2679193370edcdceae5c0a407b,Olist
144d6b2679193370edcdceae5c0a407b,Olist
16b5a0c654239c91496f748d0ced75b1,Olist
5b2b1bdafea16367486b3310068895fd,Olist
fdceacbf1e29b39745ee431d0a864d0f,Olist
fb6895f16f2b933e56af615dbcecf0aa,Olist
310469dd77c2f155761bee2e21b06ba8,Olist
8941b349c86c4d2d9bc5487da97276ef,Olist
fde106d687f66d052aa9b6b169f250d0,Olist
11244cf8d874c6d68a233bb20d738c53,Olist
9e19d3afe473add7d527fab6da00dcf8,Olist
9e19d3afe473add7d527fab6da00dcf8,Olist
932289aae7b7195bc53d4c640ea071f4,Olist
beaefb15f57098290db7f598c19dcf87,Olist
e898b5ef24833b9cb9e2d4f00b937595,Olist
652084fec8b64f212491016127526bcf,Olist
c5e7211f8786d4dd60119623f6364818,Olist
87d8a79b1f818010f6bff9a06a526905,Olist
814605f2161337c56520639099b0199f,Olist
3798322b28e44851698f319a8471fe5f,Olist
63d57fd57b274adde9efa6f649d07d45,Olist
bb0b2233b45074b8a5abdc679417bef3,Olist
1b041c48f40d5b43b5a5d1a22b78cb4b,Olist
1b041c48f40d5b43b5a5d1a22b78cb4b,Olist
94595ccee21b11325952776b516a0345,Olist
0d3d95013b7a4c460a17c5e041aa0680,Olist
46a3a937b2edffe17393b408e1c8c96d,Olist
9a31f5e48f4274cd08d49d5b6681be28,Olist
5c249c721eea202f6130a24ede66ebe7,Olist
466fc410d15081af6868cdf2fa2322ce,Olist
62ff903909cb86e2b07156a6d7cc48da,Olist
4a6ed71930a8dcd917e76a360713582c,Olist
8514e0aeceab9ef5bc9c2e86392cd6e6,Olist
6c7aa7f4eee619102606e20914da066a,Olist
2cbe7c4786ce290dd92f38ad6871b72d,Olist
a88ea39144e99debb7c0faee1da6ee51,Olist
9b8af4016c309c2f095b858fe4d6d551,Olist
329b7eb09d495661adbfb762e90eac15,Olist
329b7eb09d495661adbfb762e90eac15,Olist
32995e4cbc0128fbe56e9ee101a31916,Olist
49253ab6642f4857f50f36d4d9005289,Olist
ab2ca35483e4e5cdba8d5ec252beab98,Olist
d19f6ab3248be287201d7985d4c63eda,Olist
bc0136edef6ccb670bfbf9303b8678a5,Olist
71901689c5f3e5adc27b1dd16b33f0b8,Olist
637321037fb8b34323ce7fd8aab4a0f1,Olist
652084fec8b64f212491016127526bcf,Olist
75baf74d97b2339e14e57681073a42ef,Olist
75baf74d97b2339e14e57681073a42ef,Olist
8514e0aeceab9ef5bc9c2e86392cd6e6,Olist
432409d104be0801dea2ce3ae6bf094d,Olist
e4eb839347c15a4998942e6ee3a032a2,Olist
8c2b073d2ea1cbf5a7ce9e62e94a2cb7,Olist
1ace49e26a375d56dda111fa921f0c01,Olist
d057951b2e010930970d111b015bc37d,Olist
5c51fe11e0c3a016201653955c6090ee,Olist
d9fc6dc9a00c7ec73a0d416b9a1b0136,Olist
2bb90453c5b070eeacd965903f376375,Olist
ed401ce445967c386a2373dcb0d4e72a,Olist
0d861a5e4dd6a9079d89e1330848f0ab,Olist
30475771653cbc88a01817e3af381214,Olist
c4cfd6c44a0ede227d7faa7fc3331bb0,Olist
97c905bbb48e654d4c54d35f094337b5,Olist
63668a186f89df966027cb0a62b5989f,Olist
1979060e7ea60e0c50f47b27e581cdee,Olist
bd5c3a196a27361936b5ff684b567570,Olist
a67a246af6ba598a14cc86df3c0354ee,Olist
0d861a5e4dd6a9079d89e1330848f0ab,Olist
5183ebec380dce5c4d15954fa170301e,Olist
30e29f069eb150845319d80fabf966a4,Olist
62dee8b517273bba680eb604ffbb7726,Olist
d5b976444c9257b13cf100dd0933cff1,Olist
19fb90488e680e7d1370daebd669cfc2,Olist
71901689c5f3e5adc27b1dd16b33f0b8,Olist
b0ec3894ce1e2d319363928f8b4649a4,Olist
f4e2bcb516a63a0b3cf24b4c94ee2209,Olist
45e3f9d574b70d26719ba4fa0988f07b,Olist
2f8294655841bf02f2c48d24b18413c4,Olist
49a6ae8a95c6a78d90945b983ab1ecfc,Olist
a215ee5514ab937a137a58f476f4ec71,Olist
01952039ba4abb6c459e7b6d62a69d7a,Olist
56327d59c871dd2d1ccfafbc6db5d6ef,Olist
307d23e1f14bd104cf9d7720157079a3,Olist
cb26bdd25f8d8602f3b90e6a0c291ba0,Olist
038302481fecf4b95852065a483b8d95,Olist
66248865be7641119877386694de1598,Olist
13be0c3edfe7bc389f6e482b4dc1d529,Olist
b7a90f561b18304e3b27a624a291fe5a,Olist
8c23dbbb9406d2481448148ebc710ef5,Olist
307d23e1f14bd104cf9d7720157079a3,Olist
932289aae7b7195bc53d4c640ea071f4,Olist
ac4e419fca1484d20975bf38ea7b76da,Olist
afe44c51b2ff47d26e457d10585bf8b4,Olist
ef5f73ec25827c8fc4c662111a1fbec2,Olist
635907639653dd271a9d6df5bf5da1f2,Olist
3a41e82c72d600bb188a53377044b902,Olist
59e70f1a3f114665e9d5e636b52c2607,Olist
3e337c99e0f5ff7ba9a4b98fbf7412fd,Olist
c8b7d6f94ed82f63ec835ef1af699c1f,Olist
c8b7d6f94ed82f63ec835ef1af699c1f,Olist
c8b7d6f94ed82f63ec835ef1af699c1f,Olist
bde50ee04764902429e54d2514941f16,Olist
6e37091e698b4eededd017fa87a1ce5b,Olist
b21ddd04ac484e7699022c699ec0b566,Olist
bfd1c364658be656137aef5ce944a929,Olist
ea6ba2b2e27f7efea73bdeab7fd6e4a0,Olist
6141c2f0b2588d5a833cb947ca6c1a9b,Olist
03071a983e944c48990031952443e211,Olist
c658d700b1a119fabf40a73c0e140f7c,Olist
f0657244a858139dd9142b062d8903af,Olist
dcd522c6b3569f1e5b62b69a56a3b815,Olist
7cb12564a9542047740d530211e07bd4,Olist
5edb0664a3b86763a254e4ebde592f21,Olist
0d81cdd5209a30ae17750f9a7510f745,Olist
0fe96292e15cc4dedc8b1eae770933fc,Olist
e9bca2aac8f400109e997596326d9227,Olist
4e91e8b56d8681a7002d2487ca151c92,Olist
9ae4bf2bb990fa503baa7e1feaf6f60e,Olist
dea5d6374006a4aa182a73371da9f731,Olist
f8195b904eae4f051d7ef4511a81e732,Olist
1e9cb4f102332a9b99dc7d29d51c1962,Olist
b1a61930f7a035bc34f86f22eebed4ae,Olist
d8a527d4870db60ec4cb46a8dd8f1c69,Olist
c179c63e0432790a7ed37decfde65dc9,Olist
8bde51b69bb893209da799421f62eba3,Olist
40186e58e5331d475bac4a234986a029,Olist
3ff4f431d869003febc2f46b985d16e3,Olist
ec8c1873e01d62c2b7392da046d525c9,Olist
714f2635d40b3e5d19a2fac7552846f3,Olist
7e82568d445c615359d582ec7852d3b6,Olist
011b97b83f521e755f03173c96baf57b,Olist
4f3530f76a6821b823ce91e12ae377bc,Olist
da368717541c43ca6570eec6f9efa1b8,Olist
7df0b66f0f2cba22ba501317ba7c69f9,Olist
7df0b66f0f2cba22ba501317ba7c69f9,Olist
7df0b66f0f2cba22ba501317ba7c69f9,Olist
7df0b66f0f2cba22ba501317ba7c69f9,Olist
8338cddb98bbda6167cbec66540a8942,Olist
637321037fb8b34323ce7fd8aab4a0f1,Olist
4b95f958af9c866353ae1108d8ebd023,Olist
21c15e55f2358a82a62bab48ff52c772,Olist
cc0c38361d064bff576ef1fc19336cb8,Olist
cc1b10d7aa89d1e6b6ed4e336129ac27,Olist
cc1b10d7aa89d1e6b6ed4e336129ac27,Olist
5a1a3d8af7807e5570135ef3fbd66b5e,Olist
fbfb33cc34116ccf95b043f7cd31c692,Olist
e9957015777b9fa682e9cab2e94419b3,Olist
5707b61fe695848897df1da746a1fec8,Olist
0cd67820f456209bfe3d280797e577d6,Olist
8253eb6666e74b699841a5ad240bfcda,Olist
370a6c4e02da3582774593bbfc7f1eca,Olist
3051d9077213c59aa7c02b834b88c343,Olist
6e1291c1d47555fbfbf4fcfbfc13fb17,Olist
e1962dab54d985f90ad2a139dc2f5e54,Olist
895c0718eaf80a1be69a2b3c0ec144b6,Olist
3e54f09108285b0c493b8485d3593351,Olist
8c193b870f6af1254fdbf4bffed544a3,Olist
38955481fd51ffe551f17d2efdeaf43b,Olist
37a237d3dc5df18a2de090ec35626a35,Olist
00ca6e4277e535d41bda84d371310be2,Olist
f4e2bcb516a63a0b3cf24b4c94ee2209,Olist
b8c4d65bf3206ebf8fe12688f304b54c,Olist
b8c4d65bf3206ebf8fe12688f304b54c,Olist
6425d1369b270b096dfcbce176e3c59c,Olist
c9dc6fff8500f3735822d5356bcb0e1b,Olist
76de3012849125aa7a57a8a721f303f9,Olist
7f92a5a3c124617036e08b36b671db1e,Olist
8a920081eb3a86e479830b3e3184bc8c,Olist
c72ebc9c80e11a4e61915573c2d5a39c,Olist
ad575c56bac677400aa8cbaca2d8446d,Olist
437ad6139f698f32fd5301c1bc636e60,Olist
f134e43f36bf18609624f3e587b3b328,Olist
4c5d706daadd48268ca4b0b435b01ae6,Olist
e1b1416cc9565ebdb336ddaf12fd9229,Olist
acf1e6076f30d9c7bd8c41937e1d7d9c,Olist
c8430e2cded32fd401effe5ddc87c122,Olist
caf4b8fd7772079bf3589d844365e689,Olist
f8cdae87d67f6656d53daa86edc2f488,Olist
f8cdae87d67f6656d53daa86edc2f488,Olist
5cc10ff6fd37b0b4caef7a9d784491f9,Olist
370a6c4e02da3582774593bbfc7f1eca,Olist
c8430e2cded32fd401effe5ddc87c122,Olist
1790ea7644578180c232ae2249ee4486,Olist
5d1be0a2d67e8bb132cdb86cb44a6c61,Olist
74f6b68ef147f4ed4c8abde5f5960481,Olist
14e866d63b658a85948f6b785ea82d2f,Olist
0214d81e1cb90cf47f40f5345a1a6c08,Olist
a34cb9acedf3c08390532e4df4f38ac7,Olist
a26c9bd12cc56cc86b48dbce2c886194,Olist
a26c9bd12cc56cc86b48dbce2c886194,Olist
70a8c394877add5aef4577770c71acf2,Olist
70a8c394877add5aef4577770c71acf2,Olist
70a8c394877add5aef4577770c71acf2,Olist
665a313366dfc254e4cacfafd78b1fc1,Olist
96ea57fa9cfeebd7fa51c5cc238c6126,Olist
1eb163392449193337cc2c26ef4271cd,Olist
0c1faf0b5e24b7a0c450332dba9a9324,Olist
ee4fb78170d564d965ac4d1cb80f5dd3,Olist
ee4fb78170d564d965ac4d1cb80f5dd3,Olist
9050371aaf6e57515b2583acd99c9bb6,Olist
5c6dceb0afab23a9d5db737499265462,Olist
c21ad342c0ece538a14ad12f2fa17fc7,Olist
c36e7cd497c538831ff5d1a3e5af5e47,Olist
ce667e4b89cd1137f40a8d799354b674,Olist
875a1e0d9fa0e8aaa253208331a4a3fe,Olist
3051d9077213c59aa7c02b834b88c343,Olist
3a017955f82b5bf61bb51aec865a01ca,Olist
f5b4fe797bf417e8f22de510decbf3ab,Olist
a7c105e27ad87e9c6c3f324645800bf5,Olist
06c6f4eaf3c4f75577aced1da71c244f,Olist
9fbabbe4238be3f2033ededc2d212b6d,Olist
2ec79b62f02fa880d65a89a4bc12591b,Olist
2ec79b62f02fa880d65a89a4bc12591b,Olist
4aef40631e110fb4b8b98da55666faf0,Olist
e77c725677d8c9c7a37159276095b116,Olist
0d34797f478a608695b3635dfaf86733,Olist
0d34797f478a608695b3635dfaf86733,Olist
cc0790a628bcd4331e38e34d60f01233,Olist
00ca6e4277e535d41bda84d371310be2,Olist
7a84164f936f2435540fbbb12b241930,Olist
77fba1f66a8848b09bf7255bc00f67be,Olist
ed401ce445967c386a2373dcb0d4e72a,Olist
72a366446dd3abfc90c598896714d85c,Olist
e4eb839347c15a4998942e6ee3a032a2,Olist
5edb0664a3b86763a254e4ebde592f21,Olist
a089bc5d8035937e139d790de9b24e76,Olist
d8b162ad1239626fbbd3a31ec538afa0,Olist
223c0edeb08f851824555202d03e9c1a,Olist
7420514db819d2580b17eab4e66fd1c1,Olist
7ba55e28fb6e70a1e8c52759b2e107ad,Olist
828f99cdaca50196ee0a0b5f296017ab,Olist
a51ebdfce7cdd6930370083085f240c6,Olist
05c3bc7f2c3c3a45c39595a46c76ad58,Olist
05c3bc7f2c3c3a45c39595a46c76ad58,Olist
cad3d3fc70d214ca82f4b5d6dfb279f2,Olist
4c5d706daadd48268ca4b0b435b01ae6,Olist
4a4f956bd9b42fe75897a1f63786cf06,Olist
543ffec7e11ec1866c810953bff61141,Olist
543ffec7e11ec1866c810953bff61141,Olist
fa3a8736d5ae8f7df9b0a4154d0b14dc,Olist
2d7bb612055f3e72c58964aa484f5c8e,Olist
e3f99c719b14b43fd286740c5d8a7171,Olist
7e20bf5ca92da68200643bda76c504c6,Olist
63809f81b27c50945386ab37b3e2e9ca,Olist
878fb7268261810f07f1f10e36624224,Olist
665a313366dfc254e4cacfafd78b1fc1,Olist
bd1f61fc15cc21dca7ca5f6786ab475b,Olist
bd1f61fc15cc21dca7ca5f6786ab475b,Olist
bc8d0eaead98c6ac8afc8ef41f1f483e,Olist
369ec282b14f6130ae496897bfcb231f,Olist
466dcf5fcdc7c7a8a4bfebc7ce59b281,Olist
466dcf5fcdc7c7a8a4bfebc7ce59b281,Olist
a78562d82bc91b39f93a7e43dc5122f2,Olist
a78562d82bc91b39f93a7e43dc5122f2,Olist
5c4fbfda89ecf784397c5a99ec36601a,Olist
4e5625bd8071649b275dcce5f9aaec1c,Olist
0d861a5e4dd6a9079d89e1330848f0ab,Olist
d71aac5df6dac25e0a45e04a3aad1bdd,Olist
eb53d828e9c699ddd7c2c0f35a7d6a33,Olist
da368717541c43ca6570eec6f9efa1b8,Olist
9b678f5f6f471e1282c0524ebbefa782,Olist
9b74cd824a37742f10285243d2c0ad7f,Olist
dd7eb6ecd787c07ef08423cf05c6e56b,Olist
c9f7f8c891c537fa25fd0456acd01b33,Olist
4b003ee1eabaffe8ff8e6d75394a9b42,Olist
11244cf8d874c6d68a233bb20d738c53,Olist
4da02003088ff69e3a0ae3db17d648f6,Olist
4da02003088ff69e3a0ae3db17d648f6,Olist
c9f7f8c891c537fa25fd0456acd01b33,Olist
d71aac5df6dac25e0a45e04a3aad1bdd,Olist
50c98ff80c62d9255b10fff5f2fb57cd,Olist
c02b253e596068eea0b23786b936cb51,Olist
c02b253e596068eea0b23786b936cb51,Olist
df4058431c8103750dddc04b0b6583f2,Olist
8879c7d78891f3ea3634bf6369c02587,Olist
6e875338f7a2933dcabb08b9404c3f72,Olist
6b90b6b48d55aa6fa6e3f9e9c3f04881,Olist
e9c40158510e4577046c6a0b4a11538c,Olist
74741f26d461854aba87ef316dd54b9d,Olist
07176b181cc48bdaa6807f4a88e17d4a,Olist
54ca6dc5e99a82fe5112744bc4e9ef26,Olist
54ca6dc5e99a82fe5112744bc4e9ef26,Olist
54ca6dc5e99a82fe5112744bc4e9ef26,Olist
ab65db409c590bb188616224a7e76cf7,Olist
2247fcbb5b0868e23a64ec1bdd6564ec,Olist
07c7a0b82302514ec1c6135dc7dec4cf,Olist
bebb261717d5fd18d378c249c396f6e5,Olist
7d498305b94fb1d7f3e26e6fce47e4cd,Olist
e31c8fe91d2166f85f9363713fcc77d1,Olist
097c16abe2faea176ce88673499b5525,Olist
884909e6ce4397ea2d53b086601162cf,Olist
cec800e76b1cc898de17926aa9e1e146,Olist
d19f6ab3248be287201d7985d4c63eda,Olist
4b6feb99e3a796b2061b5a290cb2b2d7,Olist
744e512de8ebc8f28c301d0c4e874293,Olist
13be0c3edfe7bc389f6e482b4dc1d529,Olist
640cc066f62aebf3f02f10267b3b5954,Olist
6b9ee4546cd2f41bea3fcdaf318d04b7,Olist
2100ae0e9921b8198d8b773d9e13494f,Olist
2c59071cb3b43a971e166dc9e2a410f2,Olist
93018c18fbe02150657d27ad3e410037,Olist
ca090843ee5ff7e0f8168d693f8b60c4,Olist
7071ae1d5f4717f7b02d13806ad39c11,Olist
bbfec30263d2f8e19e695453564a007a,Olist
ec65c0f50eb9aa9d6bf2a98c7624e91c,Olist
62dee8b517273bba680eb604ffbb7726,Olist
87d8a79b1f818010f6bff9a06a526905,Olist
7e5563984d6291832da8b9fc279af3f9,Olist
e66db6837953f6a350fcf30a81062b28,Olist
4ccd20adf1bd2ac9b5a490d9a5ee2b75,Olist
42eeec63715bcb9b24e4ecb9e0801b27,Olist
8f2fca2a65ebb9180707648aed3f3e31,Olist
e0371feeca60d2f50eedb7a969eff167,Olist
e0371feeca60d2f50eedb7a969eff167,Olist
e7a503a253ff229e218670d750c36c9c,Olist
e36ec26bae335f7b13951d6897b8802f,Olist
caf4b8fd7772079bf3589d844365e689,Olist
93018c18fbe02150657d27ad3e410037,Olist
57ab0b86739f534f806ac41de113296f,Olist
cc93c8a56518db1b736fbb33bb74228d,Olist
b8dfb418e6cad762b91febf827d4b2e5,Olist
436c99758020926f3516983ac84cb5cf,Olist
2100ae0e9921b8198d8b773d9e13494f,Olist
77d8952aaeafecb46131a4ad21ce672e,Olist
77d8952aaeafecb46131a4ad21ce672e,Olist
7e4b0829dda8a60be1eaeece2b9dbe51,Olist
7ac9b67de74b34e14f2b547a8eb818ae,Olist
7ac9b67de74b34e14f2b547a8eb818ae,Olist
7ac9b67de74b34e14f2b547a8eb818ae,Olist
9050371aaf6e57515b2583acd99c9bb6,Olist
d010acc7fab9dd6b4779bfe36b73024f,Olist
0c1faf0b5e24b7a0c450332dba9a9324,Olist
9b0befd87ff5c159c8a3e3bd6318a655,Olist
d509ded18095d94c5b7c49db99694dc1,Olist
884909e6ce4397ea2d53b086601162cf,Olist
d513bac7cc42bb5a6ee1acd1e1a3be62,Olist
6b9ee4546cd2f41bea3fcdaf318d04b7,Olist
e8d469267909af4c76fa317649c3d860,Olist
92fb3369b344010fed8679f47e99f9df,Olist
0d81cdd5209a30ae17750f9a7510f745,Olist
3f7c3edf69a273ced1ea2dd193cbb7dd,Olist
235e60205492c88cd6f41bfea21f7b62,Olist
b21ddd04ac484e7699022c699ec0b566,Olist
a67a246af6ba598a14cc86df3c0354ee,Olist
1435646705531d9d7ecba595d247bd50,Olist
d961544083cc8837794f0fe258f812e0,Olist
745454cb92c05df2dac86352cdad7d65,Olist
745454cb92c05df2dac86352cdad7d65,Olist
77569b8bd05910409af265a9ca0e4cd4,Olist
cb172aa9a2f58938f75029fa772af3a1,Olist
cb172aa9a2f58938f75029fa772af3a1,Olist
acf1e6076f30d9c7bd8c41937e1d7d9c,Olist
1ae40a96bc36242cdcd3c6996845dbf2,Olist
7e5563984d6291832da8b9fc279af3f9,Olist
9f0b591bc0110c16bb95fdcb47878544,Olist
1c3b7b5254404bf529379e7433b758a5,Olist
ef5f73ec25827c8fc4c662111a1fbec2,Olist
2f8294655841bf02f2c48d24b18413c4,Olist
9d50e47ff447954c63bef2a5a68fb350,Olist
6c44a903274653cddb1df3bcb05ac71f,Olist
69ee62ecc8d2937fca0e1a3d4de5a2ce,Olist
79f1c4e66471c5f6e5c5fe4e45d1273c,Olist
c9b91aae07c6cd838cac23a7e534e1df,Olist
3cec5fcde75cb301d296c334e846f8e7,Olist
eb45ea5db48052fd29e0c6dc79b40de3,Olist
ed034127e0801850ca9162dd9de7a106,Olist
e155239b84f65a2131ab4ade06f9fcb2,Olist
dda2128bdf8203aac0d2b4d142956a2a,Olist
fe154237bdcacd57d9cd2adaa60f1012,Olist
0d861a5e4dd6a9079d89e1330848f0ab,Olist
e3601bcd9f1d4419789047745331e7ce,Olist
4c529f790c9af49f184fc36151d28dcd,Olist
d509ded18095d94c5b7c49db99694dc1,Olist
1d61cc31551519c757aacc3c90629167,Olist
aacae358a27a239fda5d05eb57a2a86c,Olist
a4f28ed68b2f9af8945705a5b6a6703f,Olist
036a2b2e7d16c12b97890ea51a2ef172,Olist
051471ca58786b55a780eddd05465e89,Olist
af172a1f0e9f76b6ae7b00ae07d1d035,Olist
af172a1f0e9f76b6ae7b00ae07d1d035,Olist
062850c890eb64c3bec2243bd551fb8f,Olist
062850c890eb64c3bec2243bd551fb8f,Olist
062850c890eb64c3bec2243bd551fb8f,Olist
4fa18a32f545d52b2e957bb406d5235f,Olist
a946fddd59910320e672defbfc66ca99,Olist
901fa7395cd19913092d88c3d263b157,Olist
c237a4f892abb1f58237158e99be7611,Olist
8c193b870f6af1254fdbf4bffed544a3,Olist
9f0b591bc0110c16bb95fdcb47878544,Olist
498c737759c2eddf05f25604e2f9c696,Olist
44132e7916e05d731a6e73ee520262f1,Olist
866797f8cd1ee4b1311ed5ff65bc6b0e,Olist
0e6e8c5b4485a66e6168154d4ea445f5,Olist
76df3b6412d4883dbc84402a5c659b5d,Olist
df4377ee7e2f8972b24a39ff87cd3a6a,Olist
e09feaba1b9e1b07fd0203fc3d1e23c9,Olist
f1c5f371248aaeb09d6a1a8b8efc9bfc,Olist
4238449f57e600dc2183fa60672b3c1f,Olist
144d6b2679193370edcdceae5c0a407b,Olist
144d6b2679193370edcdceae5c0a407b,Olist
592c036b000783dd7f898c8630f0dddc,Olist
9d71e1cf1662cfda7aeafb61975a3e78,Olist
9d71e1cf1662cfda7aeafb61975a3e78,Olist
64c67484fd19b32ee4c9d8f944b49a5d,Olist
64c67484fd19b32ee4c9d8f944b49a5d,Olist
415383c1185f5e5a1b15c48dc014d714,Olist
b7ee9b824b4a83b389379ac70585bf3b,Olist
216360d7df0e08d493f369b39a5fb69a,Olist
4d184b2d4fcbc123ce36c25707636477,Olist
9126539aa02befb9271bed176c06c637,Olist
9126539aa02befb9271bed176c06c637,Olist
c9dc6fff8500f3735822d5356bcb0e1b,Olist
0ef00481c9167acfacca4616798fc06d,Olist
b87e0079d0d0c17a5ce63aadb9eae6d9,Olist
eb53d828e9c699ddd7c2c0f35a7d6a33,Olist
2cbe7c4786ce290dd92f38ad6871b72d,Olist
964b34423c822e9bd9831635ccc83db2,Olist
49253ab6642f4857f50f36d4d9005289,Olist
c36e7cd497c538831ff5d1a3e5af5e47,Olist
1ef2ac142610b528b3b67d6f21725fa0,Olist
785d58277167fdb610325bd2cc317287,Olist
c1afe3fd5cbd1a4e784e6f77ca2fbad6,Olist
9ee07155110b11036bb4ef6350157ed3,Olist
cc0790a628bcd4331e38e34d60f01233,Olist
cfa8d47c9650d5dd13b594b52cfc8491,Olist
5d7504bb571eba259df58c649095ebac,Olist
fd667d6a6784c49bfd41e1ea9e9e6a3e,Olist
fd667d6a6784c49bfd41e1ea9e9e6a3e,Olist
635907639653dd271a9d6df5bf5da1f2,Olist
dea5d6374006a4aa182a73371da9f731,Olist
273283a29dfdc13c797ffa2b9c8ea164,Olist
24f8c8bdc4c0d2f09fab6429e2d10ca5,Olist
0ef00481c9167acfacca4616798fc06d,Olist
12da09f67672845a6146a035833a085c,Olist
addd04ab13841b53ffabd423c800847a,Olist
9fd7e69beedc256a8c3e26435e9bdd44,Olist
901fa7395cd19913092d88c3d263b157,Olist
beaefb15f57098290db7f598c19dcf87,Olist
9fbabbe4238be3f2033ededc2d212b6d,Olist
c237a4f892abb1f58237158e99be7611,Olist
0197df52c22d6ef0aa52ffb63ac80404,Olist
bf52f0d94c28f425403dccf42a0ee662,Olist
6a57b4cb07a55977a176d4a30a882082,Olist
9b0befd87ff5c159c8a3e3bd6318a655,Olist
8635815549630cbffea696e18a9f8d6a,Olist
e6978c62c08bc49662a1edaac652c4f3,Olist
8234b853cf9ba4cee25fea1fe9ab0f50,Olist
f31164513a99160d91a464ccf934ed3f,Olist
c05135e931996796d1b5bff60251825a,Olist
29c5b9b7cdb1dc4e4a574c5685c83102,Olist
8c551766dbe7cb34777c4e221a6189ef,Olist
8c551766dbe7cb34777c4e221a6189ef,Olist
637321037fb8b34323ce7fd8aab4a0f1,Olist
ced30a21aa4f7c12391d0f86fd9f8858,Olist
3798322b28e44851698f319a8471fe5f,Olist
3e54f09108285b0c493b8485d3593351,Olist
1a1563377cf71e8ada273fd052a63bc2,Olist
f90f26ae5ceccfc421ea191d8e72e054,Olist
c10abefbb5ea3c13765ae51ee5b7966e,Olist
7f92a5a3c124617036e08b36b671db1e,Olist
2d9a7f6bfb053e602cc26e9c77c5f2ee,Olist
4b95f958af9c866353ae1108d8ebd023,Olist
be7fd77bf39879f67d00f9f8c433b46d,Olist
be7fd77bf39879f67d00f9f8c433b46d,Olist
3cec5fcde75cb301d296c334e846f8e7,Olist
61fbe846d8c16df8f9253391e158900a,Olist
b6b2ee6ffa76968a5613946608a33046,Olist
ebc3b08c677f9b7b302982773fae3dbf,Olist
55297cbeceb1f300c3c3815e1485892d,Olist
af1f25102280108074d2a310ffe4bd1e,Olist
90ab1a5224e5e1999b34c85f637a7491,Olist
59e70f1a3f114665e9d5e636b52c2607,Olist
94a0145915f0bda7507fe35db2b2698e,Olist
696701728a4e18b1373bce09400fa4b5,Olist
fb6966f6b07c089be66da41fcadd4b9d,Olist
329970820ec5088911fd6d9c1926a73a,Olist
6e48d6ed38d6d0769ba557106d3a6fbe,Olist
26ba9c75a2c176cefb3311caae8af3bb,Olist
4471480a2199c933b05f842342a6c57a,Olist
e9dd877c0c235b753643d392b9a124e1,Olist
7fd09df30cd248907b022db21c51ed45,Olist
ba42e1814205f030af1ecffbd2450712,Olist
3c4080981138bdcb28c729effeb9b682,Olist
1c83c1bbfcb7c9a94758326c300cd2b7,Olist
7723193c1c4dcb133dd17fdb475c723e,Olist
3da151283555f08ba83a9bafed7a269d,Olist
cc0c38361d064bff576ef1fc19336cb8,Olist
8314485880de9173d0fb899263dd2d36,Olist
838db17a7ea397c8bbb5d0b4d48b1ba6,Olist
838db17a7ea397c8bbb5d0b4d48b1ba6,Olist
ba7df02cddb36d302d9a87ed492fdf07,Olist
59941cfff43c8432579de4def65e6be6,Olist
9b81324d4d7308a459ae94e43ff27692,Olist
5c249c721eea202f6130a24ede66ebe7,Olist
c18b64a465c9f5309872862fe7e84ca6,Olist
f7622098214b4634b7fe7eee269b5426,Olist
a215ee5514ab937a137a58f476f4ec71,Olist
0560a02593f282955f85da2db087b078,Olist
9216421f8d659b63c5f3d17fc502c418,Olist
bbd5d813124f5a0eb2103ce1624a24d2,Olist
d5f6259a2f0fa2907ce0d47876f0852f,Olist
38fc30b75b381342c67d25e2f11ccec0,Olist
38fc30b75b381342c67d25e2f11ccec0,Olist
9fa6f4d5caad5fb2dd00719fd4dfd2a1,Olist
9fa6f4d5caad5fb2dd00719fd4dfd2a1,Olist
fee8071ecc5ad2f5b2831c4fbd9b3cdd,Olist
8aac7e3ddd515089585bbab2b7d85aa8,Olist
ed9264b6228fa70e32fd889810682e2f,Olist
45e3f9d574b70d26719ba4fa0988f07b,Olist
ba9e2ff94ab776d05be0cbd067755c50,Olist
1205480caca6c37f55954da838933b8a,Olist
94a0145915f0bda7507fe35db2b2698e,Olist
9216421f8d659b63c5f3d17fc502c418,Olist
a84e3e2982cc260a829dcf2a30908936,Olist
5774503f5dbbcd09cb88a1fa32f4f88d,Olist
febf66a130bc1bc3d35546f466261511,Olist
bf52f0d94c28f425403dccf42a0ee662,Olist
628dc39381786ac5f638abd41f96f35e,Olist
ba0660bf3fffe505ee892e153a2fbd49,Olist
ba0660bf3fffe505ee892e153a2fbd49,Olist
ac4e419fca1484d20975bf38ea7b76da,Olist
501c9cd7188003067cfbe04791e39d5b,Olist
501c9cd7188003067cfbe04791e39d5b,Olist
501c9cd7188003067cfbe04791e39d5b,Olist
a103cd66a980f336d30492d01e9c3d71,Olist
92fb3369b344010fed8679f47e99f9df,Olist
d3ab3164ac4797204e7592753ca9061f,Olist
7ba55e28fb6e70a1e8c52759b2e107ad,Olist
62ff903909cb86e2b07156a6d7cc48da,Olist
9b74cd824a37742f10285243d2c0ad7f,Olist
f90b90ce47228752be8ef845070cddca,Olist
57ff13230528d1b9ef2269694165b361,Olist
8bde51b69bb893209da799421f62eba3,Olist
38fa2c2a1a69a2448ae63b3aced4d39d,Olist
a0d8ff17d8ccc85262a9f8e059a03b76,Olist
73588b1cddca4f8bd453b8588f400d90,Olist
f5498d05cf105bdd3bc601ff77601d7b,Olist
f5498d05cf105bdd3bc601ff77601d7b,Olist
f5498d05cf105bdd3bc601ff77601d7b,Olist
f5498d05cf105bdd3bc601ff77601d7b,Olist
f5498d05cf105bdd3bc601ff77601d7b,Olist
f5498d05cf105bdd3bc601ff77601d7b,Olist
81ee76008781c1b3a72263621e06d5da,Olist
a6d8c2fa92836346256c28d885d9eea0,Olist
ae1e1f0cec5df61e31eaa2c12d094fe5,Olist
38955481fd51ffe551f17d2efdeaf43b,Olist
f840dfcebe8ead89c4809a63d64b0dbb,Olist
a0e0e61ee7da5fc5cc8333cff7f4e90a,Olist
4ab4db2f93c68d5914dc5eb566dc486c,Olist
00624707c8556199de70cac1593e7088,Olist
d6385039bea77b65a318dba1b6c23534,Olist
59941cfff43c8432579de4def65e6be6,Olist
4fa18a32f545d52b2e957bb406d5235f,Olist
dea5d6374006a4aa182a73371da9f731,Olist
30da09f031536186153c0ff9e0dcc0a7,Olist
00791d8bb3acb245dc0b865656e18fff,Olist
6891f408eff19028a930876c13bdbc05,Olist
f297e171b9421ec5af62706faef3c620,Olist
9b0befd87ff5c159c8a3e3bd6318a655,Olist
c18b64a465c9f5309872862fe7e84ca6,Olist
df2a5fac390ebf96fd3efa70fe4758c8,Olist
02bf19efae533d95c21b5e1ccc633a88,Olist
053773e477b7af0d6678c1669b397cda,Olist
7cb12564a9542047740d530211e07bd4,Olist
2dbffe025a0f463a039b8e98f85e7806,Olist
5e4aafed1eb7b023330c6085ea689f04,Olist
d29d92e86e87e8732c9558570df752ca,Olist
623438e09482cf7300ffdf9b95ffd9dd,Olist
cfde53fd036308dba103823ba561b885,Olist
7e20bf5ca92da68200643bda76c504c6,Olist
c7fd81c103d8cf9d0eb4e33040df28e7,Olist
c7fd81c103d8cf9d0eb4e33040df28e7,Olist
cbf27ff077ab6a5a586279d5cd9b8455,Olist
1c3b7b5254404bf529379e7433b758a5,Olist
f90b90ce47228752be8ef845070cddca,Olist
67bebc02fe1882de7424ae7c032fbcf0,Olist
8314485880de9173d0fb899263dd2d36,Olist
df4058431c8103750dddc04b0b6583f2,Olist
e9c40158510e4577046c6a0b4a11538c,Olist
b7afbfaacf57875386434a2830492f10,Olist
3da151283555f08ba83a9bafed7a269d,Olist
a6d8c2fa92836346256c28d885d9eea0,Olist
a80fa2513386488a670bd8d11355a19c,Olist
21c15e55f2358a82a62bab48ff52c772,Olist
e481dbb0158aa5d89ece91768eb824f5,Olist
6c44a903274653cddb1df3bcb05ac71f,Olist
62dee8b517273bba680eb604ffbb7726,Olist
bbd5d813124f5a0eb2103ce1624a24d2,Olist
a48ba60be28864ede4421c52ae28761b,Olist
01952039ba4abb6c459e7b6d62a69d7a,Olist
1444f701e835b7d189637c10f5287e76,Olist
b7ee9b824b4a83b389379ac70585bf3b,Olist
4aef40631e110fb4b8b98da55666faf0,Olist
b6b2ee6ffa76968a5613946608a33046,Olist
9d4aac880ba02ccefc6f724c85f89bee,Olist
6425d1369b270b096dfcbce176e3c59c,Olist
4c669e5b6ae17e66d4551e3e625c7f1e,Olist
d9318914bd9ab813e68a255c4127fa11,Olist
5d36976ccb4dfefc743eede038a851b5,Olist
5d36976ccb4dfefc743eede038a851b5,Olist
e898b5ef24833b9cb9e2d4f00b937595,Olist
df95b7d6f8593ea6ba264820941935ae,Olist
498c737759c2eddf05f25604e2f9c696,Olist
7dae2ffd13cb0f5596c2346fa7540796,Olist
16bd290303092475ef758981282d5b9a,Olist
46ec8bcd9649f0f7bbb179bb59d6702e,Olist
3191981f84b69ebcca47bce1954371fc,Olist
cd152920bf236523f7f23b0c29468580,Olist
6003a3a8e782dcca760533542aecd5b2,Olist
6003a3a8e782dcca760533542aecd5b2,Olist
8941b349c86c4d2d9bc5487da97276ef,Olist
4b003ee1eabaffe8ff8e6d75394a9b42,Olist
77fba1f66a8848b09bf7255bc00f67be,Olist
d057951b2e010930970d111b015bc37d,Olist
d7c23f3d2589891ae50aae3af800311b,Olist
2d994a14e9afaada433bf6e7509a8272,Olist
12da09f67672845a6146a035833a085c,Olist
aea25e66618809a200e86b82ab569218,Olist
36f565da5dace4bd09fa635892eb5fe5,Olist
36f565da5dace4bd09fa635892eb5fe5,Olist
ab9bbbff9759ecceeebcbb363cb484ed,Olist
ab9bbbff9759ecceeebcbb363cb484ed,Olist
00ca6e4277e535d41bda84d371310be2,Olist
161e0409100c9e6de6bfd16b211b33ca,Olist
07276d89be039ef3505f4c6f781bda37,Olist
07276d89be039ef3505f4c6f781bda37,Olist
2106ac68f2d649d3deca73e5c613881e,Olist
de43c91b27ac6a591f999040a7ee9342,Olist
de43c91b27ac6a591f999040a7ee9342,Olist
5272d8676880914db6e41921f373f59f,Olist
19fb90488e680e7d1370daebd669cfc2,Olist
c0e5a37ce927e7252e897f52e9bdb242,Olist
0af8a25fb0b6f833724bb5818275807b,Olist
3083eb7eb7faf63e84cc78dfbd011e2f,Olist
90ab1a5224e5e1999b34c85f637a7491,Olist
cb0ca8fe7c5ac43280983c6807cf9cf7,Olist
26ba9c75a2c176cefb3311caae8af3bb,Olist
3368fd70f27aba83c0c0808332a6f328,Olist
299ab139539043a0010795bd2a7626b1,Olist
2cbe7c4786ce290dd92f38ad6871b72d,Olist
c72ebc9c80e11a4e61915573c2d5a39c,Olist
40efcb2188d8a35075b6ea52d2302943,Olist
f26f8f245b07a64311c95a966f184bb8,Olist
f26f8f245b07a64311c95a966f184bb8,Olist
a84e3e2982cc260a829dcf2a30908936,Olist
276be2a63cf33e04a5ec94c088414f93,Olist
276be2a63cf33e04a5ec94c088414f93,Olist
d513bac7cc42bb5a6ee1acd1e1a3be62,Olist
1205480caca6c37f55954da838933b8a,Olist
19245d7a8dfb1639e01f96c455fb05b1,Olist
2caed4106ac34123aaa5b6bdcd6fccb4,Olist
84b9f36a23bcee1236bc7f13afab749d,Olist
ceb3ed4e8ea33e599750c82eb23e50a1,Olist
5c9d09439a7815d2c59d2242d90b296c,Olist
5c9d09439a7815d2c59d2242d90b296c,Olist
6db8779686d293a60dabd0756a524431,Olist
91ec76836092bba85d11761078ed7bb5,Olist
91ec76836092bba85d11761078ed7bb5,Olist
f449fd9a4efcb0cea3b97c27c05bae01,Olist
f449fd9a4efcb0cea3b97c27c05bae01,Olist
5928ea9c80d9614d8a17a6e4f13de9ee,Olist
99b1bdda5abf7eb97c5f35afbadb1550,Olist
99b1bdda5abf7eb97c5f35afbadb1550,Olist
f8e05a045de09e7855c9df3bb8815e0e,Olist
f8e05a045de09e7855c9df3bb8815e0e,Olist
2e8b2cd27d9c45276aaf3fa97a15edeb,Olist
203023c74ac69573e302e77c48e5c19f,Olist
723b22c2412b366d01cdc84ee4295fc2,Olist
b403064ab79055c7c332d922feff2bb6,Olist
5e4aafed1eb7b023330c6085ea689f04,Olist
91eaf667c6a3a4a40a147e8ac21f1877,Olist
34beea970220d74027a3daece88c07b2,Olist
83ea5d4cd198792de3596cf94415c907,Olist
66b908567e8c8d5efc047d3df29ea72b,Olist
e2dc5ed3eaae2eae1e1681e43e8968d8,Olist
e2dc5ed3eaae2eae1e1681e43e8968d8,Olist
bb236a7c776991c064b371715a445b78,Olist
bb236a7c776991c064b371715a445b78,Olist
e7e0c4caaf311b0d3850db36bbf6d404,Olist
e7e0c4caaf311b0d3850db36bbf6d404,Olist
bf239a3d9e5fab72059537d02b201d37,Olist
8b9f34063c242242994cd8a08719f000,Olist
8b9f34063c242242994cd8a08719f000,Olist
f95848fbfa710dd05f1f05d048be3725,Olist
c101910306f88229c6c206349c08bf34,Olist
6eeb0d55dcc3c0d2973619f1362da7f5,Olist
6eeb0d55dcc3c0d2973619f1362da7f5,Olist
6eeb0d55dcc3c0d2973619f1362da7f5,Olist
927cd6e9fc974a3b4e48db435890ed8c,Olist
cb0ca8fe7c5ac43280983c6807cf9cf7,Olist
a0b828674053768d72daefb412b43410,Olist
f2994d32f55503a1bc57258f3d9ecdf6,Olist
f2994d32f55503a1bc57258f3d9ecdf6,Olist
eff19fbf43cda74b8fb9959b4ffbaaa1,Olist
940fe3db65ee9d7d1c57233b5f6ef1da,Olist
9f0b591bc0110c16bb95fdcb47878544,Olist
6644f96e1da51ce92f80d0c2793199fa,Olist
6e395adcac53d7819940f584122d9fa9,Olist
2d9a7f6bfb053e602cc26e9c77c5f2ee,Olist
9fd7e69beedc256a8c3e26435e9bdd44,Olist
ab2ca35483e4e5cdba8d5ec252beab98,Olist
ac062697fc30d35bd5bd10d4e71095e8,Olist
ac062697fc30d35bd5bd10d4e71095e8,Olist
ac062697fc30d35bd5bd10d4e71095e8,Olist
ac062697fc30d35bd5bd10d4e71095e8,Olist
cfa8d47c9650d5dd13b594b52cfc8491,Olist
0d15109f485330cb77c3721039e60cdd,Olist
0d15109f485330cb77c3721039e60cdd,Olist
73588b1cddca4f8bd453b8588f400d90,Olist
b0dcdd6af159e2c0b239f92dcc095d38,Olist
997f151339e5077fe22d22b321308d2f,Olist
39956277e1326a1d59862db252e5c257,Olist
b98012e4b861b35a2b4cf3876dcbaf78,Olist
fff93c1da78dafaaa304ff032abc6205,Olist
7e4b0829dda8a60be1eaeece2b9dbe51,Olist
a9b440dd10180f222e61cb9016eec6c4,Olist
7d64677fe731b6b3e38776d91cfc744d,Olist
0b8235b65e5edc54a726c674bf16661f,Olist
167b9485947ed0a354a3f8dad04eb199,Olist
796d05b11c21234c1840086faa0be307,Olist
cb3caf08929ebfa13fdcffec28f3cd6f,Olist
9b678f5f6f471e1282c0524ebbefa782,Olist
9cf0a858f5f153406bc333860eb23e22,Olist
9cf0a858f5f153406bc333860eb23e22,Olist
ec3d1f2a0de948e4b58318e642b2b95c,Olist
a3f879655651f95e2875ded95d2fa772,Olist
47fbb158df800dc51ea6b33d40e214b5,Olist
2f937d962a1f0691576517e89efac3f8,Olist
5146d2de3f8139107458758bcb6d3db7,Olist
5f1aac4e61d63509a4994df19bab1ebc,Olist
07731871dbc303d9af056c55552492de,Olist
6ec610172716519f13781b3068dde24b,Olist
6a57b4cb07a55977a176d4a30a882082,Olist
bb0b2233b45074b8a5abdc679417bef3,Olist
e7171b8785136cf7834d62f0227bcf23,Olist
4629c64a048bf8a64632d31b9df84293,Olist
374d009e2f15e125561873d552351f65,Olist
37a237d3dc5df18a2de090ec35626a35,Olist
92c79ee0697a68bcbd251dfc2c2fc779,Olist
92c79ee0697a68bcbd251dfc2c2fc779,Olist
e3de7ffaa6c906a8a61b69ff20591e84,Olist
e3de7ffaa6c906a8a61b69ff20591e84,Olist
3acf76fd65fe79bda708e80f2b7f9b6e,Olist
4bd1e2d6121560098c232dc158746e26,Olist
1c46b0aadd66e5872fdd69395c3ef376,Olist
2fcfbb38d054caa24f8520316d575829,Olist
570045158cad692d4451429defac5f56,Olist
570045158cad692d4451429defac5f56,Olist
8f2fca2a65ebb9180707648aed3f3e31,Olist
0ef00481c9167acfacca4616798fc06d,Olist
c0ca3b0cd457d58573982009c592f913,Olist
329970820ec5088911fd6d9c1926a73a,Olist
8c2b073d2ea1cbf5a7ce9e62e94a2cb7,Olist
355a3acbbb6e562f2221b26de02308de,Olist
6f241d5bbb142b6f764387c8c270645a,Olist
6f241d5bbb142b6f764387c8c270645a,Olist
6f241d5bbb142b6f764387c8c270645a,Olist
6f241d5bbb142b6f764387c8c270645a,Olist
6f241d5bbb142b6f764387c8c270645a,Olist
6f241d5bbb142b6f764387c8c270645a,Olist
2d9a7f6bfb053e602cc26e9c77c5f2ee,Olist
c72ebc9c80e11a4e61915573c2d5a39c,Olist
b87e0079d0d0c17a5ce63aadb9eae6d9,Olist
a67a246af6ba598a14cc86df3c0354ee,Olist
32528e4f1eaacf4bef51744ce7827974,Olist
fad67e7a03b7988057f8a83c285f36de,Olist
fad67e7a03b7988057f8a83c285f36de,Olist
fad67e7a03b7988057f8a83c285f36de,Olist
36dc6bb91bda12512a7e6c9734eec98d,Olist
714f2635d40b3e5d19a2fac7552846f3,Olist
c40329c5ca94144e1c4a130166521b66,Olist
f9fac5d83d911cc24a60b4f7a33433ec,Olist
466fc410d15081af6868cdf2fa2322ce,Olist
2a6948d5a2d84f87a130ad8c02b542e9,Olist
e5a8aaccb766e00177b0a587979cc814,Olist
e5a8aaccb766e00177b0a587979cc814,Olist
f9fac5d83d911cc24a60b4f7a33433ec,Olist
e1b1416cc9565ebdb336ddaf12fd9229,Olist
9bd92695f99895ea3782608dea8cbda7,Olist
310469dd77c2f155761bee2e21b06ba8,Olist
a2e1b81e95b64a49c8715043ec2bf878,Olist
f1c5f371248aaeb09d6a1a8b8efc9bfc,Olist
c0ba81c65bd30a9c04cd3650c0dbed36,Olist
65d9f34a0361382394c7ede678879c0b,Olist
65d9f34a0361382394c7ede678879c0b,Olist
7e82568d445c615359d582ec7852d3b6,Olist
71e1b42b5409c7a08234a645bd1e3ab2,Olist
7fd09df30cd248907b022db21c51ed45,Olist
9e1cf20c1585106f749e4e257194a11a,Olist
5cec8085bb0230910a0a091f25e27df5,Olist
5cec8085bb0230910a0a091f25e27df5,Olist
781a63f927b6f2502e9267b3b7f285e3,Olist
781a63f927b6f2502e9267b3b7f285e3,Olist
0d861a5e4dd6a9079d89e1330848f0ab,Olist
1c83c1bbfcb7c9a94758326c300cd2b7,Olist
0c9fdc5b4e2b1d8d52de981dd05d7222,Olist
5aba5cd911ef3113db47dc00f259399e,Olist
b7afbfaacf57875386434a2830492f10,Olist
785d58277167fdb610325bd2cc317287,Olist
1a108ff7d680891dcbcb0558fb6caaaa,Olist
00fb765118b6d3b18dfc763dc3729a5b,Olist
3be90202886d6cb57a63f578f4f70cca,Olist
2a6948d5a2d84f87a130ad8c02b542e9,Olist
1f91e5b12976cbf0cc92a143dda96e0f,Olist
ab73bc2a2fc1188712c1c764be830d08,Olist
2696ed45e2583bdcb7b6bfd0a8f0f2fe,Olist
2696ed45e2583bdcb7b6bfd0a8f0f2fe,Olist
273283a29dfdc13c797ffa2b9c8ea164,Olist
415383c1185f5e5a1b15c48dc014d714,Olist
df2a5fac390ebf96fd3efa70fe4758c8,Olist
628dc39381786ac5f638abd41f96f35e,Olist
216360d7df0e08d493f369b39a5fb69a,Olist
6d1b839adf629f558b435f4a4f3f83a3,Olist
cc803a2c412833101651d3f90ca7de24,Olist
9f60e945011f3dfd9ce6d82a939cf93f,Olist
6c44a903274653cddb1df3bcb05ac71f,Olist
d82ced55e620b6568183a611fb3b71d1,Olist
bace2486c82812b65455b41d7a8788d5,Olist
1a1563377cf71e8ada273fd052a63bc2,Olist
9b99b552aa8d374d12896e55dfa2b0b9,Olist
735774ca9e99d1d85ae5f53b4958e6cc,Olist
eb285763921cb3b806e3d925bf3ca94d,Olist
eb285763921cb3b806e3d925bf3ca94d,Olist
f95848fbfa710dd05f1f05d048be3725,Olist
83a993fed3d92d85d35e923ee7ee090b,Olist
5f7a57e2b8a60c5504cf3d41c267b0f1,Olist
5f7a57e2b8a60c5504cf3d41c267b0f1,Olist
5f7a57e2b8a60c5504cf3d41c267b0f1,Olist
2bbb7f863b68ba0f0e2bc78ad1a6a902,Olist
20f5a1cf347e797ab4f304906b1557b3,Olist
4cc13a45f4e9258fae06b75f27440b11,Olist
4cc13a45f4e9258fae06b75f27440b11,Olist
46734ace53678d89eb4c725317503e26,Olist
46734ace53678d89eb4c725317503e26,Olist
afe44c51b2ff47d26e457d10585bf8b4,Olist
cfde53fd036308dba103823ba561b885,Olist
d8a527d4870db60ec4cb46a8dd8f1c69,Olist
eff19fbf43cda74b8fb9959b4ffbaaa1,Olist
2caed4106ac34123aaa5b6bdcd6fccb4,Olist
27b939024664f89f9ed6d687e1265de0,Olist
3fe6154e3a7e93e6daba6bf9854aca7a,Olist
cb99d5f1c5278ded64a20fc48b03fd20,Olist
e09bddc2b1cb1ef0e2e4829e02303212,Olist
e898b5ef24833b9cb9e2d4f00b937595,Olist
66b908567e8c8d5efc047d3df29ea72b,Olist
3d2f792b801f3154c6e2b57039f1d4af,Olist
5370e275eb7b56d78bd41f03c6446232,Olist
5339f401847301b76dcf82f4a648f5fe,Olist
afe44c51b2ff47d26e457d10585bf8b4,Olist
f79c9ce96b5c0d7c708917616a0ba2fe,Olist
161e0409100c9e6de6bfd16b211b33ca,Olist
08ebd8171843fa54338c3474439144a2,Olist
1eb163392449193337cc2c26ef4271cd,Olist
f5b4fe797bf417e8f22de510decbf3ab,Olist
0a7798689bde326ea921c4c1f9b2cf48,Olist
9b74cd824a37742f10285243d2c0ad7f,Olist
66248865be7641119877386694de1598,Olist
9357c546130d6ef751b30ab4d9dc5e93,Olist
df4058431c8103750dddc04b0b6583f2,Olist
6b9961cd2c203b4154482e717236a58e,Olist
eea812b0e14641c47ba205796bf8ff31,Olist
20f5a1cf347e797ab4f304906b1557b3,Olist
9393ea60acdf05a4004483c3b7c24d77,Olist
1979060e7ea60e0c50f47b27e581cdee,Olist
3d9b3665a39eb741b1ae50706cbddb8d,Olist
cc803a2c412833101651d3f90ca7de24,Olist
67bebc02fe1882de7424ae7c032fbcf0,Olist
c0aa8b308e76dfc4f1c5cda1416abc3c,Olist
1e9cb4f102332a9b99dc7d29d51c1962,Olist
08ebd8171843fa54338c3474439144a2,Olist
bace2486c82812b65455b41d7a8788d5,Olist
8e89cab186c88be523095a199d89bcb2,Olist
8e89cab186c88be523095a199d89bcb2,Olist
374d009e2f15e125561873d552351f65,Olist
11d4407faece8a6220c06056f36dc9af,Olist
9922420b9b6f5767d8c46ddfe4d3b22b,Olist
7074b20d7eb3f9f5772cd7cb57943fdf,Olist
cba01256a91cbf13bd35e735b8a5fdd6,Olist
a67a246af6ba598a14cc86df3c0354ee,Olist
781a63f927b6f2502e9267b3b7f285e3,Olist
781a63f927b6f2502e9267b3b7f285e3,Olist
6191f53eb8ca0c04c84df58764791cd5,Olist
fe154237bdcacd57d9cd2adaa60f1012,Olist
ce189ff73aed087ab7393da0c12fa5d5,Olist
ce189ff73aed087ab7393da0c12fa5d5,Olist
38955481fd51ffe551f17d2efdeaf43b,Olist
723b22c2412b366d01cdc84ee4295fc2,Olist
b9736d05df2bbda10cacc254733cf9cd,Olist
db6e5ae977b1bf6f0dd591cf101e73f1,Olist
db6e5ae977b1bf6f0dd591cf101e73f1,Olist
7dab36b82e07d989f8baffeded52c492,Olist
3c97b23a8b4e6e6e186ed13e99d295e2,Olist
e7a503a253ff229e218670d750c36c9c,Olist
cc0c38361d064bff576ef1fc19336cb8,Olist
3c4080981138bdcb28c729effeb9b682,Olist
af3b1412013a9f8a5dd51d610427f847,Olist
047965eae6564b51ea05b945966ec595,Olist
047965eae6564b51ea05b945966ec595,Olist
4620a55c9740b01b892fca96e3c065c0,Olist
4e5625bd8071649b275dcce5f9aaec1c,Olist
f108d57a4a2769a9114e2d33114b39a1,Olist
7723193c1c4dcb133dd17fdb475c723e,Olist
42c1788dfeabff14c5032eaa426b30c5,Olist
60e319c699f4ef80e0979447089367e5,Olist
c24bbeb8111fea27eab791a37e665210,Olist
f79c95fa7462b1cb87c31e3b68e30b5f,Olist
5f1aac4e61d63509a4994df19bab1ebc,Olist
a5138200b55abbe1d5d8035503f7dcc6,Olist
14fd66ddf6349b2c9c874aa2094196ae,Olist
704ece8ed0f1ba814027c5f615478165,Olist
2200048a1b17ccf0499a93d1e17d7c57,Olist
ce9c84a5a9d089aee9b8fa2a5fe5bf77,Olist
c9dc6fff8500f3735822d5356bcb0e1b,Olist
6891f408eff19028a930876c13bdbc05,Olist
e804e7ef5f81657fd973fde6a032d3f4,Olist
2844b9633da652adf5c696c4e1f9ad4c,Olist
f722f83d0923ea785b61ed0cbdf0bc3e,Olist
f722f83d0923ea785b61ed0cbdf0bc3e,Olist
47fbb158df800dc51ea6b33d40e214b5,Olist
d05e102089074ece592f77a56e66d08e,Olist
611018ac0e01d2dbf307450bd9ffd29b,Olist
97c905bbb48e654d4c54d35f094337b5,Olist
e66db6837953f6a350fcf30a81062b28,Olist
c9dc6fff8500f3735822d5356bcb0e1b,Olist
a185ce376d3eb3ab5e85d248779cdd7c,Olist
cb26bdd25f8d8602f3b90e6a0c291ba0,Olist
eab21889a85eb78465b7d239df693daa,Olist
3368fd70f27aba83c0c0808332a6f328,Olist
83a993fed3d92d85d35e923ee7ee090b,Olist
ce667e4b89cd1137f40a8d799354b674,Olist
5a88431d6ebc9a79f999c06091ae0370,Olist
5a88431d6ebc9a79f999c06091ae0370,Olist
5a88431d6ebc9a79f999c06091ae0370,Olist
7dae2ffd13cb0f5596c2346fa7540796,Olist
6dc07a25c59429bb3dded5bf3545f23f,Olist
6dc07a25c59429bb3dded5bf3545f23f,Olist
6dc07a25c59429bb3dded5bf3545f23f,Olist
6dc07a25c59429bb3dded5bf3545f23f,Olist
c1afe3fd5cbd1a4e784e6f77ca2fbad6,Olist
9b99b552aa8d374d12896e55dfa2b0b9,Olist
42e503e49de01ed4aec2e7f0bab4b618,Olist
471c58cd2e88e9d71cb55ea00452a587,Olist
4877c8bc9b7438703b2e63ee5396335e,Olist
5547b9a9292eda0a94548b3678bf0028,Olist
ced30a21aa4f7c12391d0f86fd9f8858,Olist
9e31165fcca754ee7694d99cf65ef8bc,Olist
bd51b2cec679d73d1170c69ec4a2c3de,Olist
950a60900e19a2d87d316224bfc9e60f,Olist
950a60900e19a2d87d316224bfc9e60f,Olist
4817f07387a8f00e2be43bf9ea007e4b,Olist
4471480a2199c933b05f842342a6c57a,Olist
df4377ee7e2f8972b24a39ff87cd3a6a,Olist
16b5a0c654239c91496f748d0ced75b1,Olist
13be0c3edfe7bc389f6e482b4dc1d529,Olist
c9dc6fff8500f3735822d5356bcb0e1b,Olist
5cc10ff6fd37b0b4caef7a9d784491f9,Olist
1994904e979ef7c6ed7ccc3fed8e3c56,Olist
c21ad342c0ece538a14ad12f2fa17fc7,Olist
62fb1ac1c746846d118654e8228c7f3d,Olist
d7f9e3bed56f2896a2bd3a7a369d7d9a,Olist
f8c39e0e6bfc93d6b12d7ea11a4ecf90,Olist
94a0145915f0bda7507fe35db2b2698e,Olist
ee63ead077f35287196d7dd30bbcb05c,Olist
ccd8e3459ad58ae538c9d2cf35532ba4,Olist
fc2f06b2af43f8be78736cd991ca8486,Olist
41f93e22a459e461cdf419379b90a249,Olist
63d57fd57b274adde9efa6f649d07d45,Olist
c36e7cd497c538831ff5d1a3e5af5e47,Olist
cde26ce8314756f40137e12ff2476bb4,Olist
5c6dceb0afab23a9d5db737499265462,Olist
9922420b9b6f5767d8c46ddfe4d3b22b,Olist
00624707c8556199de70cac1593e7088,Olist
3d338ae6cd95dcb8c0c14d9af90055f3,Olist
eea812b0e14641c47ba205796bf8ff31,Olist
1aeeb63dba7f0ac8d35d42f7a12d2004,Olist
c1951203ece4074187b167b92d80f71c,Olist
46a3a937b2edffe17393b408e1c8c96d,Olist
7071ae1d5f4717f7b02d13806ad39c11,Olist
fde106d687f66d052aa9b6b169f250d0,Olist
f41d8c045d64733f404e956aef3e569d,Olist
e898b5ef24833b9cb9e2d4f00b937595,Olist
2247fcbb5b0868e23a64ec1bdd6564ec,Olist
14fd66ddf6349b2c9c874aa2094196ae,Olist
ad145ce80d256cb7234084bd8c76a335,Olist
03071a983e944c48990031952443e211,Olist
07c7a0b82302514ec1c6135dc7dec4cf,Olist
3acf76fd65fe79bda708e80f2b7f9b6e,Olist
c658d700b1a119fabf40a73c0e140f7c,Olist
b979a7dda393bdbbf2aabff02dc14a25,Olist
b979a7dda393bdbbf2aabff02dc14a25,Olist
1c46b0aadd66e5872fdd69395c3ef376,Olist
94779b9caa445191a00444b6d61f257b,Olist
a51ebdfce7cdd6930370083085f240c6,Olist
4bd1e2d6121560098c232dc158746e26,Olist
63668a186f89df966027cb0a62b5989f,Olist
b9df1513dfa3cade0bd5c73521d83608,Olist
b9df1513dfa3cade0bd5c73521d83608,Olist
b9df1513dfa3cade0bd5c73521d83608,Olist
997f151339e5077fe22d22b321308d2f,Olist
0332d8ec6d259a1caeda045188ffe70f,Olist
0332d8ec6d259a1caeda045188ffe70f,Olist
c05135e931996796d1b5bff60251825a,Olist
4297418af8f60c03bb773fb1181f77dd,Olist
ce667e4b89cd1137f40a8d799354b674,Olist
875a1e0d9fa0e8aaa253208331a4a3fe,Olist
c24bbeb8111fea27eab791a37e665210,Olist
61691ca23f39f8e8e2d01afdc2f00e41,Olist
61691ca23f39f8e8e2d01afdc2f00e41,Olist
2436c5b46db0d157f45742885ea3e8ba,Olist
a280ef36b320f176238aca454824fd91,Olist
59116842028366f9c16cb7c7e45c9306,Olist
dcbb7859db42a729d4cc316eb6691974,Olist
f04d1503094bbd1db2565841d59a2945,Olist
c025200e87520a89f95e5520045a8b5c,Olist
e9598233464134a7e482b5d7b3b6377d,Olist
e9598233464134a7e482b5d7b3b6377d,Olist
4f3530f76a6821b823ce91e12ae377bc,Olist
5396ffb28b2d1cbea8d6ec46201f06ba,Olist
5396ffb28b2d1cbea8d6ec46201f06ba,Olist
637321037fb8b34323ce7fd8aab4a0f1,Olist
11ed1a861563b383cb85ee4dd5e2a3ed,Olist
0a7798689bde326ea921c4c1f9b2cf48,Olist
9b74cd824a37742f10285243d2c0ad7f,Olist
77569b8bd05910409af265a9ca0e4cd4,Olist
fee8071ecc5ad2f5b2831c4fbd9b3cdd,Olist
ae1e1f0cec5df61e31eaa2c12d094fe5,Olist
57ab0b86739f534f806ac41de113296f,Olist
bde50ee04764902429e54d2514941f16,Olist
25615f9f06be32ed26c7dc0f4baccee7,Olist
0d34797f478a608695b3635dfaf86733,Olist
0d34797f478a608695b3635dfaf86733,Olist
61fbe846d8c16df8f9253391e158900a,Olist
46734ace53678d89eb4c725317503e26,Olist
46734ace53678d89eb4c725317503e26,Olist
895c0718eaf80a1be69a2b3c0ec144b6,Olist
ebc3b08c677f9b7b302982773fae3dbf,Olist
ccef9579d4093da59f1a24bed9091fd5,Olist
1966bcc7091bfb3c656d15de1f2fec01,Olist
1966bcc7091bfb3c656d15de1f2fec01,Olist
00b2b9682f5c2a1f7cf1312ce6a0ea9d,Olist
0b0a4e9f5cbb2762f23341a271219afb,Olist
fff93c1da78dafaaa304ff032abc6205,Olist
570045158cad692d4451429defac5f56,Olist
570045158cad692d4451429defac5f56,Olist
6233e1c1b76b3f0e1527afdd8db0c7a1,Olist
6233e1c1b76b3f0e1527afdd8db0c7a1,Olist
d509ded18095d94c5b7c49db99694dc1,Olist
814605f2161337c56520639099b0199f,Olist
8879c7d78891f3ea3634bf6369c02587,Olist
4ccacb86ae95c3d9da2f5ff35bafa155,Olist
4ccacb86ae95c3d9da2f5ff35bafa155,Olist
c179c63e0432790a7ed37decfde65dc9,Olist
3d338ae6cd95dcb8c0c14d9af90055f3,Olist
016890b20bac6cd8155fb02cd3ec3e44,Olist
02bf19efae533d95c21b5e1ccc633a88,Olist
febf66a130bc1bc3d35546f466261511,Olist
30e29f069eb150845319d80fabf966a4,Olist
f8c39e0e6bfc93d6b12d7ea11a4ecf90,Olist
0c9fdc5b4e2b1d8d52de981dd05d7222,Olist
9bc2456a5cf9a1e1ef2f4fc535da934e,Olist
03a62f764ee7e4701929561d653e4029,Olist
03a62f764ee7e4701929561d653e4029,Olist
5f2cfa9c8c34ab5d785fbf253c63b930,Olist
6644f96e1da51ce92f80d0c2793199fa,Olist
5774503f5dbbcd09cb88a1fa32f4f88d,Olist
8d4d9c0d24e15be31a852a8f0630156d,Olist
3e337c99e0f5ff7ba9a4b98fbf7412fd,Olist
6a57b4cb07a55977a176d4a30a882082,Olist
3b54b5978e9ace64a63f90d176ffb158,Olist
67ec955996d7971b82e80aea6029aead,Olist
67ec955996d7971b82e80aea6029aead,Olist
67ec955996d7971b82e80aea6029aead,Olist
67ec955996d7971b82e80aea6029aead,Olist
4ccd20adf1bd2ac9b5a490d9a5ee2b75,Olist
37eb563f19e35c3d7c0e6218854571b1,Olist
ed9264b6228fa70e32fd889810682e2f,Olist
5272d8676880914db6e41921f373f59f,Olist
d8047cc20d272535020af8678556c2c4,Olist
d8047cc20d272535020af8678556c2c4,Olist
94779b9caa445191a00444b6d61f257b,Olist
cb11798c6f6e786afc3afe6a0d34c87c,Olist
9d50e47ff447954c63bef2a5a68fb350,Olist
1ef2ac142610b528b3b67d6f21725fa0,Olist
c64e6cd99ad2fafbb731fb38d4f17ca6,Olist
167942ac36320cf928d02b8db358c67a,Olist
a67a246af6ba598a14cc86df3c0354ee,Olist
0b27725e97cb4b6100a8a01b288cead5,Olist
f297e171b9421ec5af62706faef3c620,Olist
42e503e49de01ed4aec2e7f0bab4b618,Olist
3a017955f82b5bf61bb51aec865a01ca,Olist
f73d378096054953caa2d69a8abceb73,Olist
eab21889a85eb78465b7d239df693daa,Olist
712d8c838062bc45d0567f4ea808866c,Olist
712d8c838062bc45d0567f4ea808866c,Olist
a51ebdfce7cdd6930370083085f240c6,Olist
74245fe8288c7bdcbcd4644b2edf5beb,Olist
74245fe8288c7bdcbcd4644b2edf5beb,Olist
9e9cab5f8089dbfb465b14561a59606b,Olist
9ae4bf2bb990fa503baa7e1feaf6f60e,Olist
42eeec63715bcb9b24e4ecb9e0801b27,Olist
652084fec8b64f212491016127526bcf,Olist
1994904e979ef7c6ed7ccc3fed8e3c56,Olist
0b8235b65e5edc54a726c674bf16661f,Olist
21239b911af74450df7b0ce5b78b39d9,Olist
21239b911af74450df7b0ce5b78b39d9,Olist
b98012e4b861b35a2b4cf3876dcbaf78,Olist
4629c64a048bf8a64632d31b9df84293,Olist
355a3acbbb6e562f2221b26de02308de,Olist
28b4954efb44438d6b8eddc52ed8c341,Olist
185086f7b5b98370b0d12e2100a69e08,Olist
cb99d5f1c5278ded64a20fc48b03fd20,Olist
823351b897393a675931edfd08e301b4,Olist
0fe96292e15cc4dedc8b1eae770933fc,Olist
fdceacbf1e29b39745ee431d0a864d0f,Olist
c10abefbb5ea3c13765ae51ee5b7966e,Olist
053773e477b7af0d6678c1669b397cda,Olist
95ebcc4d6979728b4d9993a0c9b6abfb,Olist
0c84917730287c0b7fd7fb02a8389a9c,Olist
67dbe5defb9537a94eca5964c22b9238,Olist
ceb3ed4e8ea33e599750c82eb23e50a1,Olist
4297418af8f60c03bb773fb1181f77dd,Olist
ccd8e3459ad58ae538c9d2cf35532ba4,Olist
41f93e22a459e461cdf419379b90a249,Olist
a0f578fe552521788131d5e9cb728e0b,Olist
bf52f0d94c28f425403dccf42a0ee662,Olist
fa3a8736d5ae8f7df9b0a4154d0b14dc,Olist
5402fa00ec8cbb42d265854d2cb9841f,Olist
d82ced55e620b6568183a611fb3b71d1,Olist
e9dd877c0c235b753643d392b9a124e1,Olist
c237a4f892abb1f58237158e99be7611,Olist
71daf4742c71b01ee39793dc973b5591,Olist
bc0136edef6ccb670bfbf9303b8678a5,Olist
e3f99c719b14b43fd286740c5d8a7171,Olist
cd6b75f7bf6ec7f8435a42d97e8b240e,Olist
fee8071ecc5ad2f5b2831c4fbd9b3cdd,Olist
0d861a5e4dd6a9079d89e1330848f0ab,Olist
cb11798c6f6e786afc3afe6a0d34c87c,Olist
9f0b591bc0110c16bb95fdcb47878544,Olist
c0717bf8d4587e085bfb7bb4e8a52e33,Olist
61dfb2ae9399454cb12545524d192978,Olist
61dfb2ae9399454cb12545524d192978,Olist
a01515e4086971d3bdd9b13283c6c5b1,Olist
a88ea39144e99debb7c0faee1da6ee51,Olist
b04387f66716ae227cca39f8ad86ddf9,Olist
854f983619b24efc2aa702bd11f207c9,Olist
854f983619b24efc2aa702bd11f207c9,Olist
4620a55c9740b01b892fca96e3c065c0,Olist
75e945badd2a39af63ee8c8b05af8fb3,Olist
d1bbabb3e3423611877e48e9ee631bfe,Olist
1a89679a296852822ca3573d8ea0d041,Olist
1a89679a296852822ca3573d8ea0d041,Olist
90c561d8222ed24ce3e23902f137a520,Olist
90c561d8222ed24ce3e23902f137a520,Olist
830f73ec04ebe308bbeeefd3b066bd77,Olist
830f73ec04ebe308bbeeefd3b066bd77,Olist
9be4fd397b43b6a7f757a600b4ca5379,Olist
ffd094af4643c7ac712acd36a56feccc,Olist
5370e275eb7b56d78bd41f03c6446232,Olist
34cc4171f1653be2c66b278bba591ca3,Olist
5f3477cd89e3d11cf937d370641b5839,Olist
599db69c933e5f5a111f44e413ecff87,Olist
640cc066f62aebf3f02f10267b3b5954,Olist
4934ff805b3b425278a6bf155a28dce0,Olist
85442da9cbd169529443a1d088a56346,Olist
b82f3c3423d8ffd289353c912be332f0,Olist
69ee62ecc8d2937fca0e1a3d4de5a2ce,Olist
79f1c4e66471c5f6e5c5fe4e45d1273c,Olist
3be90202886d6cb57a63f578f4f70cca,Olist
a280ef36b320f176238aca454824fd91,Olist
a572d479e677b3a96864c76278a78411,Olist
036a2b2e7d16c12b97890ea51a2ef172,Olist
3f6ede29d4c69cd3316d2035b6cec1fb,Olist
329970820ec5088911fd6d9c1926a73a,Olist
cc176d2627b0df66f50f24773e92219c,Olist
9f3b1b02cab2d6e609b3991f5cf2c203,Olist
532007b4b7629c6cd70fdd58e963f11b,Olist
04411d029ba983c1386fc99accec7c63,Olist
446f733c55cd9e94fd80d12eae3b9d09,Olist
235e60205492c88cd6f41bfea21f7b62,Olist
592c036b000783dd7f898c8630f0dddc,Olist
81375b1d0de1916253f403aafdc810a7,Olist
9e2d77016a50dae38b5654991353ce5d,Olist
9e2d77016a50dae38b5654991353ce5d,Olist
d81c79479192992a07033707560d6598,Olist
d81c79479192992a07033707560d6598,Olist
6d1b839adf629f558b435f4a4f3f83a3,Olist
73b25d06c4c8b89ac3c9ec3198e843d7,Olist
26ba9c75a2c176cefb3311caae8af3bb,Olist
7dab36b82e07d989f8baffeded52c492,Olist
3191981f84b69ebcca47bce1954371fc,Olist
2f937d962a1f0691576517e89efac3f8,Olist
203023c74ac69573e302e77c48e5c19f,Olist
036a2b2e7d16c12b97890ea51a2ef172,Olist
299165a60adc63a47e042f737aacf4b0,Olist
6e48d6ed38d6d0769ba557106d3a6fbe,Olist
6719f20371d31cb16a4b76b7e2d1cfe3,Olist
c4dcbf01db308f71ac36429315b8f755,Olist
c0ba81c65bd30a9c04cd3650c0dbed36,Olist
4f3530f76a6821b823ce91e12ae377bc,Olist
9eb3d566e87289dcb0acf28e1407c839,Olist
cb26bdd25f8d8602f3b90e6a0c291ba0,Olist
038302481fecf4b95852065a483b8d95,Olist
097c16abe2faea176ce88673499b5525,Olist
26d42563197b6dee87cd3c74a65cca39,Olist
f04d1503094bbd1db2565841d59a2945,Olist
a6d8c2fa92836346256c28d885d9eea0,Olist
ac062697fc30d35bd5bd10d4e71095e8,Olist
ac062697fc30d35bd5bd10d4e71095e8,Olist
ac062697fc30d35bd5bd10d4e71095e8,Olist
ac062697fc30d35bd5bd10d4e71095e8,Olist
0d3d95013b7a4c460a17c5e041aa0680,Olist
46a3a937b2edffe17393b408e1c8c96d,Olist
9b81324d4d7308a459ae94e43ff27692,Olist
f8195b904eae4f051d7ef4511a81e732,Olist
599db69c933e5f5a111f44e413ecff87,Olist
a33988fde632872a5c5458823b9c2d01,Olist
a33988fde632872a5c5458823b9c2d01,Olist
62db770757572d32da1bffc3b7d2ae10,Olist
62db770757572d32da1bffc3b7d2ae10,Olist
5c6dceb0afab23a9d5db737499265462,Olist
0b27725e97cb4b6100a8a01b288cead5,Olist
60c23b4f05e926f24472f5ae2ec6b89c,Olist
155314da9787559f5ca430c76dcb68fb,Olist
155314da9787559f5ca430c76dcb68fb,Olist
bf239a3d9e5fab72059537d02b201d37,Olist
8aac7e3ddd515089585bbab2b7d85aa8,Olist
f73d378096054953caa2d69a8abceb73,Olist
cc176d2627b0df66f50f24773e92219c,Olist
ad145ce80d256cb7234084bd8c76a335,Olist
d9318914bd9ab813e68a255c4127fa11,Olist
d961544083cc8837794f0fe258f812e0,Olist
81ee76008781c1b3a72263621e06d5da,Olist
9e1cf20c1585106f749e4e257194a11a,Olist
c8c985eb0e68ec4d734b8053186e8f8b,Olist
011b97b83f521e755f03173c96baf57b,Olist
331c5690c13e397b0e1fb1fb407c4f9f,Olist
529f88b63d54d7c02bd9cbfd94ef9248,Olist
6e1291c1d47555fbfbf4fcfbfc13fb17,Olist
37eb443380c8aba9174ef0dbe858fbe4,Olist
ae4ce56d6cf0cc20acdec883eb6d62ea,Olist
c440fc4fd60fd9083395f183aada6d4c,Olist
ebc137c689bc832cc0e53dca8b02c5e8,Olist
ebc137c689bc832cc0e53dca8b02c5e8,Olist
28b4954efb44438d6b8eddc52ed8c341,Olist
3f6ede29d4c69cd3316d2035b6cec1fb,Olist
16bd290303092475ef758981282d5b9a,Olist
7a5f00b8eaeff82f1d3be0ff6ef8035e,Olist
b32fd4cf133d634bf41e5bbb7d09febb,Olist
b32fd4cf133d634bf41e5bbb7d09febb,Olist
5d1caf9872c76c10e211e5b25d061ab1,Olist
9e31165fcca754ee7694d99cf65ef8bc,Olist
1a108ff7d680891dcbcb0558fb6caaaa,Olist
74fbb79efe8970851ed1762f096e2d4d,Olist
167942ac36320cf928d02b8db358c67a,Olist
44bc4c58308826749dd6bc260f1ae5f9,Olist
ad575c56bac677400aa8cbaca2d8446d,Olist
3be90202886d6cb57a63f578f4f70cca,Olist
b8dfb418e6cad762b91febf827d4b2e5,Olist
cd030cc7d9fe30c0ca7889aeffa326a4,Olist
532007b4b7629c6cd70fdd58e963f11b,Olist
c0aa8b308e76dfc4f1c5cda1416abc3c,Olist
3bbe55ec205026d44f2a0ce1059f6e5a,Olist
3bbe55ec205026d44f2a0ce1059f6e5a,Olist
623e5f6697794daaff59c39b7384a3eb,Olist
d8b162ad1239626fbbd3a31ec538afa0,Olist
bc8d0eaead98c6ac8afc8ef41f1f483e,Olist
bfc48761221b04268c51e10b30855efa,Olist
bfc48761221b04268c51e10b30855efa,Olist
fbfb33cc34116ccf95b043f7cd31c692,Olist
e09feaba1b9e1b07fd0203fc3d1e23c9,Olist
03c75f8dfffde486ab30360f6e689a4f,Olist
2d7bb612055f3e72c58964aa484f5c8e,Olist
7420514db819d2580b17eab4e66fd1c1,Olist
aea25e66618809a200e86b82ab569218,Olist
6e37091e698b4eededd017fa87a1ce5b,Olist
71901689c5f3e5adc27b1dd16b33f0b8,Olist
06d529bccb0825265d8b5b73c66e53d8,Olist
06d529bccb0825265d8b5b73c66e53d8,Olist
8a920081eb3a86e479830b3e3184bc8c,Olist
8234b853cf9ba4cee25fea1fe9ab0f50,Olist
cf21bb8a7e2d6feef9d4bc23da7d679b,Olist
d699f64b223f98ab755be189008776e1,Olist
f79c95fa7462b1cb87c31e3b68e30b5f,Olist
299ab139539043a0010795bd2a7626b1,Olist
c1951203ece4074187b167b92d80f71c,Olist
f8195b904eae4f051d7ef4511a81e732,Olist
d22f25a9fadfb1abbc2e29395b1239f4,Olist
d22f25a9fadfb1abbc2e29395b1239f4,Olist
d22f25a9fadfb1abbc2e29395b1239f4,Olist
d22f25a9fadfb1abbc2e29395b1239f4,Olist
6191f53eb8ca0c04c84df58764791cd5,Olist
5e4aafed1eb7b023330c6085ea689f04,Olist
5339f401847301b76dcf82f4a648f5fe,Olist
00fb765118b6d3b18dfc763dc3729a5b,Olist
665a313366dfc254e4cacfafd78b1fc1,Olist
ed8dd21e56b9e94f098b5284475a33fd,Olist
ed8dd21e56b9e94f098b5284475a33fd,Olist
cde26ce8314756f40137e12ff2476bb4,Olist
0b0a4e9f5cbb2762f23341a271219afb,Olist
ed034127e0801850ca9162dd9de7a106,Olist
8d5c6a9a33fee1d447875ce5b67fe43d,Olist
0e8332eff7b8fa0210bf0350bd2fd5d3,Olist
0e8332eff7b8fa0210bf0350bd2fd5d3,Olist
e9464eb5ddf959cd6eafd176ca44eda7,Olist
e9464eb5ddf959cd6eafd176ca44eda7,Olist
782a9d54af42b95ff6da5a84b90e5c41,Olist
e3601bcd9f1d4419789047745331e7ce,Olist
d3ab3164ac4797204e7592753ca9061f,Olist
e31c8fe91d2166f85f9363713fcc77d1,Olist
8a2f91d09e7ed0db94b1c9d1dac0e305,Olist
5d1be0a2d67e8bb132cdb86cb44a6c61,Olist
83aec037a7069965ee76770b6de81573,Olist
167b9485947ed0a354a3f8dad04eb199,Olist
a67a246af6ba598a14cc86df3c0354ee,Olist
5a47f2e6f5067f6464af63ccab15f589,Olist
5a47f2e6f5067f6464af63ccab15f589,Olist
0c84917730287c0b7fd7fb02a8389a9c,Olist
0db3d540da7eb431e5c5969fca57ca07,Olist
0db3d540da7eb431e5c5969fca57ca07,Olist
2b4f66c5ead58995d8097a8f3bef9833,Olist
d6385039bea77b65a318dba1b6c23534,Olist
d5b976444c9257b13cf100dd0933cff1,Olist
1444f701e835b7d189637c10f5287e76,Olist
466fc410d15081af6868cdf2fa2322ce,Olist
873dfc3de3c07eb7b9d6430e07e7d154,Olist
4e7d863b21180fc23a9185972ef8a1a2,Olist
4e7d863b21180fc23a9185972ef8a1a2,Olist
f41d8c045d64733f404e956aef3e569d,Olist
c025200e87520a89f95e5520045a8b5c,Olist
b7a90f561b18304e3b27a624a291fe5a,Olist
ca1c2984224e3f04029a134d9a5d95c4,Olist
8d00bb042dfdfc4c8121bcd01fbc78bc,Olist
8d00bb042dfdfc4c8121bcd01fbc78bc,Olist
8d00bb042dfdfc4c8121bcd01fbc78bc,Olist
8d00bb042dfdfc4c8121bcd01fbc78bc,Olist
5f3477cd89e3d11cf937d370641b5839,Olist
a80fa2513386488a670bd8d11355a19c,Olist
94595ccee21b11325952776b516a0345,Olist
fe86c2c022a8d1665da64dabf0ceeaea,Olist
8c23dbbb9406d2481448148ebc710ef5,Olist
f52d6c5cdf9a2638cf24e11bd300c158,Olist
eff19fbf43cda74b8fb9959b4ffbaaa1,Olist
c440fc4fd60fd9083395f183aada6d4c,Olist
37eb563f19e35c3d7c0e6218854571b1,Olist
2fcb7134817794819a8fe5e29c80fb9e,Olist
984053678c911516cd2eef9c66632357,Olist
ed49fe4d74601cca98f28b3b5f3f8968,Olist
a3f879655651f95e2875ded95d2fa772,Olist
ab65db409c590bb188616224a7e76cf7,Olist
ab9bbbff9759ecceeebcbb363cb484ed,Olist
ab9bbbff9759ecceeebcbb363cb484ed,Olist
51c6d78b0966e3ea78adb5f8c7be6c5a,Olist
03b243d7ac6a467982044dd9dddb4d68,Olist
03b243d7ac6a467982044dd9dddb4d68,Olist
299165a60adc63a47e042f737aacf4b0,Olist
40efcb2188d8a35075b6ea52d2302943,Olist
00b2b9682f5c2a1f7cf1312ce6a0ea9d,Olist
2bbb7f863b68ba0f0e2bc78ad1a6a902,Olist
2bb90453c5b070eeacd965903f376375,Olist
e758443211dfead853b497789eb50c86,Olist
e758443211dfead853b497789eb50c86,Olist
9e9cab5f8089dbfb465b14561a59606b,Olist
854f983619b24efc2aa702bd11f207c9,Olist
854f983619b24efc2aa702bd11f207c9,Olist
b403064ab79055c7c332d922feff2bb6,Olist
1205480caca6c37f55954da838933b8a,Olist
1b041c48f40d5b43b5a5d1a22b78cb4b,Olist
1b041c48f40d5b43b5a5d1a22b78cb4b,Olist
714f2635d40b3e5d19a2fac7552846f3,Olist
cb3caf08929ebfa13fdcffec28f3cd6f,Olist
78f9a490b37c9cd175cd731e24e9b598,Olist
78f9a490b37c9cd175cd731e24e9b598,Olist
611018ac0e01d2dbf307450bd9ffd29b,Olist
30da09f031536186153c0ff9e0dcc0a7,Olist
9f60e945011f3dfd9ce6d82a939cf93f,Olist
1966bcc7091bfb3c656d15de1f2fec01,Olist
1966bcc7091bfb3c656d15de1f2fec01,Olist
b61644c2fc96943d712a9f4a249234ce,Olist
b61644c2fc96943d712a9f4a249234ce,Olist
c0e5a37ce927e7252e897f52e9bdb242,Olist
4cf578782ee091c527c27a22b558a5ba,Olist
12263c794936bb8d261c59e7a5edb234,Olist
e7e0c4caaf311b0d3850db36bbf6d404,Olist
e7e0c4caaf311b0d3850db36bbf6d404,Olist
3083eb7eb7faf63e84cc78dfbd011e2f,Olist
ee63ead077f35287196d7dd30bbcb05c,Olist
08f632ba547ce8a3f9d4efe3028a216e,Olist
08f632ba547ce8a3f9d4efe3028a216e,Olist
8d5c6a9a33fee1d447875ce5b67fe43d,Olist
ba42e1814205f030af1ecffbd2450712,Olist
4f3530f76a6821b823ce91e12ae377bc,Olist
109f80397e4897bbcf56313c25850332,Olist
a089bc5d8035937e139d790de9b24e76,Olist
46c8678b6afe29d90d3142f31ff01791,Olist
e88d4e743698d9ff2690a7bec36cb88b,Olist
cba01256a91cbf13bd35e735b8a5fdd6,Olist
00791d8bb3acb245dc0b865656e18fff,Olist
735774ca9e99d1d85ae5f53b4958e6cc,Olist
bebb261717d5fd18d378c249c396f6e5,Olist
9f0b591bc0110c16bb95fdcb47878544,Olist
59116842028366f9c16cb7c7e45c9306,Olist
68d67a1f9155f67a999de845a292ce20,Olist
9bc2456a5cf9a1e1ef2f4fc535da934e,Olist
1ace49e26a375d56dda111fa921f0c01,Olist
2dbffe025a0f463a039b8e98f85e7806,Olist
2a6948d5a2d84f87a130ad8c02b542e9,Olist
a8e96c63b740c4669200ca0aa38d2180,Olist
f840dfcebe8ead89c4809a63d64b0dbb,Olist
07176b181cc48bdaa6807f4a88e17d4a,Olist
19245d7a8dfb1639e01f96c455fb05b1,Olist
2caed4106ac34123aaa5b6bdcd6fccb4,Olist
9be4fd397b43b6a7f757a600b4ca5379,Olist
6ad0ed6c76ed5dc462481347dba1288f,Olist
6ad0ed6c76ed5dc462481347dba1288f,Olist
ccf45604e113bb9494059aba9817b285,Olist
af3b1412013a9f8a5dd51d610427f847,Olist
4c669e5b6ae17e66d4551e3e625c7f1e,Olist
6003a3a8e782dcca760533542aecd5b2,Olist
6003a3a8e782dcca760533542aecd5b2,Olist
5d7504bb571eba259df58c649095ebac,Olist
fc2f06b2af43f8be78736cd991ca8486,Olist
27b939024664f89f9ed6d687e1265de0,Olist
5562b9ca12dd2d9bc4deaadb6774e3eb,Olist
2b4f66c5ead58995d8097a8f3bef9833,Olist
c9b91aae07c6cd838cac23a7e534e1df,Olist
436c99758020926f3516983ac84cb5cf,Olist
cad3d3fc70d214ca82f4b5d6dfb279f2,Olist
3a41e82c72d600bb188a53377044b902,Olist
a946fddd59910320e672defbfc66ca99,Olist
40186e58e5331d475bac4a234986a029,Olist
b9736d05df2bbda10cacc254733cf9cd,Olist
3ff4f431d869003febc2f46b985d16e3,Olist
e9957015777b9fa682e9cab2e94419b3,Olist
5707b61fe695848897df1da746a1fec8,Olist
0cd67820f456209bfe3d280797e577d6,Olist
f67b9ce7548e47223d43a3ee3242f7d9,Olist
7d64677fe731b6b3e38776d91cfc744d,Olist
62fb1ac1c746846d118654e8228c7f3d,Olist
1809a4d9621d6e57cbee32249da47055,Olist
36dc6bb91bda12512a7e6c9734eec98d,Olist
432409d104be0801dea2ce3ae6bf094d,Olist
df2a5fac390ebf96fd3efa70fe4758c8,Olist
652084fec8b64f212491016127526bcf,Olist
03c75f8dfffde486ab30360f6e689a4f,Olist
7074b20d7eb3f9f5772cd7cb57943fdf,Olist
790b7e044becdf5408d21b59cdc85b10,Olist
70a8c394877add5aef4577770c71acf2,Olist
70a8c394877add5aef4577770c71acf2,Olist
70a8c394877add5aef4577770c71acf2,Olist
72a366446dd3abfc90c598896714d85c,Olist
7d64677fe731b6b3e38776d91cfc744d,Olist
f108d57a4a2769a9114e2d33114b39a1,Olist
c101910306f88229c6c206349c08bf34,Olist
016890b20bac6cd8155fb02cd3ec3e44,Olist
623e5f6697794daaff59c39b7384a3eb,Olist
31cb67b7313db83a08d6aa86d1eef8ac,Olist
31cb67b7313db83a08d6aa86d1eef8ac,Olist
4cf578782ee091c527c27a22b558a5ba,Olist
33e66871536941873f7c041f120012be,Olist
4c2c2a4401219b69cecc92106c149bd4,Olist
712d8c838062bc45d0567f4ea808866c,Olist
712d8c838062bc45d0567f4ea808866c,Olist
f0657244a858139dd9142b062d8903af,Olist
49a6ae8a95c6a78d90945b983ab1ecfc,Olist
9bd92695f99895ea3782608dea8cbda7,Olist
ec8c1873e01d62c2b7392da046d525c9,Olist
1790ea7644578180c232ae2249ee4486,Olist
83aec037a7069965ee76770b6de81573,Olist
0214d81e1cb90cf47f40f5345a1a6c08,Olist
75e945badd2a39af63ee8c8b05af8fb3,Olist
6e5db51c4562a1a11fda0b8b24de7d6d,Olist
6e5db51c4562a1a11fda0b8b24de7d6d,Olist
e804e7ef5f81657fd973fde6a032d3f4,Olist
ca1c2984224e3f04029a134d9a5d95c4,Olist
6078c8dc51c6fd4e5b6eedc57b35c1bb,Olist
a6fa8cc3630641be4f18edaee5e36e77,Olist
e4e5ff953eaae46ad6d35088e9db153f,Olist
a185ce376d3eb3ab5e85d248779cdd7c,Olist
a9b440dd10180f222e61cb9016eec6c4,Olist
fe96dfd861c4c42a3f4d7668a3e22900,Olist
223c0edeb08f851824555202d03e9c1a,Olist
df2a5fac390ebf96fd3efa70fe4758c8,Olist
446f733c55cd9e94fd80d12eae3b9d09,Olist
086f2e7a1b67f590d6440b35b2e7246e,Olist
e481dbb0158aa5d89ece91768eb824f5,Olist
211edf902a95b6f72c38ea7d669911d9,Olist
b87e0079d0d0c17a5ce63aadb9eae6d9,Olist
bfd1c364658be656137aef5ce944a929,Olist
d79f4a65ae3208f10ffa62977683c546,Olist
466fc410d15081af6868cdf2fa2322ce,Olist
2106ac68f2d649d3deca73e5c613881e,Olist
d71c6edfaf2850bafce5d8a655d34413,Olist
30475771653cbc88a01817e3af381214,Olist
984053678c911516cd2eef9c66632357,Olist
cb2daf3eedb65b061c0db7e981660829,Olist
cb2daf3eedb65b061c0db7e981660829,Olist
f52d6c5cdf9a2638cf24e11bd300c158,Olist
c1e431000b601bb3652ed7f5be537ee3,Olist
c1e431000b601bb3652ed7f5be537ee3,Olist
696701728a4e18b1373bce09400fa4b5,Olist
3ac65bf8cf7bea336ad70d583da199cc,Olist
3ac65bf8cf7bea336ad70d583da199cc,Olist
704ece8ed0f1ba814027c5f615478165,Olist
2200048a1b17ccf0499a93d1e17d7c57,Olist
8635815549630cbffea696e18a9f8d6a,Olist
e6978c62c08bc49662a1edaac652c4f3,Olist
c40329c5ca94144e1c4a130166521b66,Olist
11d4407faece8a6220c06056f36dc9af,Olist
6b33a31c21e3e38abf7f7745689d6ab3,Olist
6b33a31c21e3e38abf7f7745689d6ab3,Olist
0e6e8c5b4485a66e6168154d4ea445f5,Olist
8c193b870f6af1254fdbf4bffed544a3,Olist
cd6b75f7bf6ec7f8435a42d97e8b240e,Olist
0560a02593f282955f85da2db087b078,Olist
59e70f1a3f114665e9d5e636b52c2607,Olist
c52cc5ca33a25f1f2a5e6ba48a1dcbdb,Olist
62ff903909cb86e2b07156a6d7cc48da,Olist
25615f9f06be32ed26c7dc0f4baccee7,Olist
40d27646b244c9b66fd821672dde0d4c,Olist
40d27646b244c9b66fd821672dde0d4c,Olist
ad575c56bac677400aa8cbaca2d8446d,Olist
30dc4f27dcf5d2ebf9a48f7799229ad3,Olist
30dc4f27dcf5d2ebf9a48f7799229ad3,Olist
4b6feb99e3a796b2061b5a290cb2b2d7,Olist
823351b897393a675931edfd08e301b4,Olist
a0d8ff17d8ccc85262a9f8e059a03b76,Olist
b87e0079d0d0c17a5ce63aadb9eae6d9,Olist
63809f81b27c50945386ab37b3e2e9ca,Olist
5547b9a9292eda0a94548b3678bf0028,Olist
ffd094af4643c7ac712acd36a56feccc,Olist
e8d469267909af4c76fa317649c3d860,Olist
768eba0592dcb00cff1bd76eda466c96,Olist
768eba0592dcb00cff1bd76eda466c96,Olist
768eba0592dcb00cff1bd76eda466c96,Olist
768eba0592dcb00cff1bd76eda466c96,Olist
768eba0592dcb00cff1bd76eda466c96,Olist
768eba0592dcb00cff1bd76eda466c96,Olist
768eba0592dcb00cff1bd76eda466c96,Olist
38fa2c2a1a69a2448ae63b3aced4d39d,Olist
6ec610172716519f13781b3068dde24b,Olist
a215ee5514ab937a137a58f476f4ec71,Olist
1a6d4833c060a4f4b5e296057be4fa85,Olist
1a6d4833c060a4f4b5e296057be4fa85,Olist
59bb5484a2585a90377524f59eda659c,Olist
3e54f09108285b0c493b8485d3593351,Olist
a8a46b431d3684f3692579dbd45dcc9d,Olist
5893ebdeda7eec3e99a4103bc4b2fa7f,Olist
5893ebdeda7eec3e99a4103bc4b2fa7f,Olist
7c47e730a960e7d9ded4626c589580e6,Olist
7c47e730a960e7d9ded4626c589580e6,Olist
fe96dfd861c4c42a3f4d7668a3e22900,Olist
39956277e1326a1d59862db252e5c257,Olist
ae4ce56d6cf0cc20acdec883eb6d62ea,Olist
e46cf1ee4ad1144aec5dddab5a5cb661,Olist
e46cf1ee4ad1144aec5dddab5a5cb661,Olist
9d4aac880ba02ccefc6f724c85f89bee,Olist
cf21bb8a7e2d6feef9d4bc23da7d679b,Olist
e4e5ff953eaae46ad6d35088e9db153f,Olist
369ec282b14f6130ae496897bfcb231f,Olist
0a59f8ef2c08c550b607e7a5b71c754e,Olist
e7171b8785136cf7834d62f0227bcf23,Olist
71daf4742c71b01ee39793dc973b5591,Olist
f73d378096054953caa2d69a8abceb73,Olist
652084fec8b64f212491016127526bcf,Olist
81375b1d0de1916253f403aafdc810a7,Olist
9eb3d566e87289dcb0acf28e1407c839,Olist
1c83c1bbfcb7c9a94758326c300cd2b7,Olist
32528e4f1eaacf4bef51744ce7827974,Olist
df95b7d6f8593ea6ba264820941935ae,Olist
9393ea60acdf05a4004483c3b7c24d77,Olist
92ad3fa7e8c36426785e53b628576c56,Olist
92ad3fa7e8c36426785e53b628576c56,Olist
72a366446dd3abfc90c598896714d85c,Olist
5d1caf9872c76c10e211e5b25d061ab1,Olist
b941917841af028a5d97758e40ac21ac,Olist
927cd6e9fc974a3b4e48db435890ed8c,Olist
5e6e72b76179c156b3e332b43127ad4a,Olist
5e6e72b76179c156b3e332b43127ad4a,Olist
fb6966f6b07c089be66da41fcadd4b9d,Olist
11ed1a861563b383cb85ee4dd5e2a3ed,Olist
f31164513a99160d91a464ccf934ed3f,Olist
426cffff769b755f3d032efea2afb4b4,Olist
8a39ba1fb8abc94cc279453bce49038c,Olist
4297418af8f60c03bb773fb1181f77dd,Olist
ce667e4b89cd1137f40a8d799354b674,Olist
875a1e0d9fa0e8aaa253208331a4a3fe,Olist
df4058431c8103750dddc04b0b6583f2,Olist
01aef689891025af290bbdc4788d87da,Olist
01aef689891025af290bbdc4788d87da,Olist
77d8952aaeafecb46131a4ad21ce672e,Olist
77d8952aaeafecb46131a4ad21ce672e,Olist
4eb59d57e9c25a5d668bcea2100316a0,Olist
76de3012849125aa7a57a8a721f303f9,Olist
3d338ae6cd95dcb8c0c14d9af90055f3,Olist
6c44a903274653cddb1df3bcb05ac71f,Olist
0a59f8ef2c08c550b607e7a5b71c754e,Olist
a6d8c2fa92836346256c28d885d9eea0,Olist
37eb443380c8aba9174ef0dbe858fbe4,Olist
ea6ba2b2e27f7efea73bdeab7fd6e4a0,Olist
d7c23f3d2589891ae50aae3af800311b,Olist
796d05b11c21234c1840086faa0be307,Olist
9357c546130d6ef751b30ab4d9dc5e93,Olist
0d861a5e4dd6a9079d89e1330848f0ab,Olist
07d2fc9925c3b3ef80df52be56a06482,Olist
07d2fc9925c3b3ef80df52be56a06482,Olist
ec3d1f2a0de948e4b58318e642b2b95c,Olist
c9dc6fff8500f3735822d5356bcb0e1b,Olist
c4cfd6c44a0ede227d7faa7fc3331bb0,Olist
9bd92695f99895ea3782608dea8cbda7,Olist
7a84164f936f2435540fbbb12b241930,Olist
6db8779686d293a60dabd0756a524431,Olist
f67b9ce7548e47223d43a3ee3242f7d9,Olist
5aba5cd911ef3113db47dc00f259399e,Olist
57ff13230528d1b9ef2269694165b361,Olist
1205480caca6c37f55954da838933b8a,Olist
6c7aa7f4eee619102606e20914da066a,Olist
623438e09482cf7300ffdf9b95ffd9dd,Olist
c36e7cd497c538831ff5d1a3e5af5e47,Olist
5a1a3d8af7807e5570135ef3fbd66b5e,Olist
3d2f792b801f3154c6e2b57039f1d4af,Olist
19245d7a8dfb1639e01f96c455fb05b1,Olist
68d67a1f9155f67a999de845a292ce20,Olist
42c1788dfeabff14c5032eaa426b30c5,Olist
dda2128bdf8203aac0d2b4d142956a2a,Olist
ce9c84a5a9d089aee9b8fa2a5fe5bf77,Olist
24a982bba67ae6828be5c20e4b24dbf7,Olist
1ae40a96bc36242cdcd3c6996845dbf2,Olist
5928ea9c80d9614d8a17a6e4f13de9ee,Olist
60e319c699f4ef80e0979447089367e5,Olist
9ae4bf2bb990fa503baa7e1feaf6f60e,Olist
67dbe5defb9537a94eca5964c22b9238,Olist
5562b9ca12dd2d9bc4deaadb6774e3eb,Olist
ad575c56bac677400aa8cbaca2d8446d,Olist
3fe6154e3a7e93e6daba6bf9854aca7a,Olist
1d61cc31551519c757aacc3c90629167,Olist
6d2a8a62ccdc51e36d7624e110ebd2a1,Olist
6d2a8a62ccdc51e36d7624e110ebd2a1,Olist
ca090843ee5ff7e0f8168d693f8b60c4,Olist
bbfec30263d2f8e19e695453564a007a,Olist
ec65c0f50eb9aa9d6bf2a98c7624e91c,Olist
873dfc3de3c07eb7b9d6430e07e7d154,Olist
4a4f956bd9b42fe75897a1f63786cf06,Olist
9801a1119c91032c99a15a846d4f5aa0,Olist
59bb5484a2585a90377524f59eda659c,Olist
4877c8bc9b7438703b2e63ee5396335e,Olist
4ab4db2f93c68d5914dc5eb566dc486c,Olist
cbf27ff077ab6a5a586279d5cd9b8455,Olist
a572d479e677b3a96864c76278a78411,Olist
34cc4171f1653be2c66b278bba591ca3,Olist
b941917841af028a5d97758e40ac21ac,Olist
b390fbcb0c905851f646e4434901847b,Olist
b390fbcb0c905851f646e4434901847b,Olist
b390fbcb0c905851f646e4434901847b,Olist
9d5d0ae23628bd7835869290caebde9e,Olist
9d5d0ae23628bd7835869290caebde9e,Olist
211edf902a95b6f72c38ea7d669911d9,Olist
2844b9633da652adf5c696c4e1f9ad4c,Olist
46c8678b6afe29d90d3142f31ff01791,Olist
a0e0e61ee7da5fc5cc8333cff7f4e90a,Olist
790b7e044becdf5408d21b59cdc85b10,Olist
e2dc5ed3eaae2eae1e1681e43e8968d8,Olist
e2dc5ed3eaae2eae1e1681e43e8968d8,Olist
7d498305b94fb1d7f3e26e6fce47e4cd,Olist
051471ca58786b55a780eddd05465e89,Olist
11d4407faece8a6220c06056f36dc9af,Olist
a8e96c63b740c4669200ca0aa38d2180,Olist
b04387f66716ae227cca39f8ad86ddf9,Olist
2436c5b46db0d157f45742885ea3e8ba,Olist
66248865be7641119877386694de1598,Olist
fee8071ecc5ad2f5b2831c4fbd9b3cdd,Olist
5c4fbfda89ecf784397c5a99ec36601a,Olist
2fcfbb38d054caa24f8520316d575829,Olist
54ca6dc5e99a82fe5112744bc4e9ef26,Olist
54ca6dc5e99a82fe5112744bc4e9ef26,Olist
54ca6dc5e99a82fe5112744bc4e9ef26,Olist
61ec27a2b6b84f5cf31fef5553c1953b,Olist
61ec27a2b6b84f5cf31fef5553c1953b,Olist
e804e7ef5f81657fd973fde6a032d3f4,Olist
4c2c2a4401219b69cecc92106c149bd4,Olist
55297cbeceb1f300c3c3815e1485892d,Olist
cb831c015f5b26cae7cda73671c7510f,Olist
8dc9064ed50605925c539815b560c78e,Olist
8dc9064ed50605925c539815b560c78e,Olist
2d994a14e9afaada433bf6e7509a8272,Olist
c0717bf8d4587e085bfb7bb4e8a52e33,Olist
1f68e24da06f36cb8a5243e23c390bcf,Olist
f59d1a0dc2219d4bdb4fc23f0d1d3c07,Olist
b2e6ad00199e893fdee50615ccfda0fd,Olist
545c79b40c22b0a53abea88e0948c862,Olist
ebfded4f6875004a5b269c5683a64ab3,Olist
6f1f14b51bbc02c293a1429fc4d79826,Olist
1117174c546ffd2ad76d566a3ea131f2,Olist
1117174c546ffd2ad76d566a3ea131f2,Olist
236b6c73651af91335ddfd6d34f6422c,Olist
e57ef0c1f8cf325c4269702397720d09,Olist
e57ef0c1f8cf325c4269702397720d09,Olist
6d5f1feceb897604838ec6096bd7a2cc,Olist
c45206e382316020fc79fff63278a3c5,Olist
fed5b7561b589c773a4a7d7028d0ae9b,Olist
487ed3b1b98379e4aa9ce58cf75c51be,Olist
487ed3b1b98379e4aa9ce58cf75c51be,Olist
1272872ac75fcbffe68e4cd8fbb48162,Olist
653f5d3367160dc1985d939aa321a3bd,Olist
653f5d3367160dc1985d939aa321a3bd,Olist
908e309daba56744e5547669c5e0aff0,Olist
2015241e524228a5d12b6653c3bfc94a,Olist
f665e06d0376b22d2ac11e29e369d6b1,Olist
42d4162df2c934129e1f2a5b10fceb54,Olist
6e65c443e6d67127d9b1f0d14be75617,Olist
ecbecd6ba589b89e56db7f5b74d387d0,Olist
c9b6ccc9f42e3ac60bb09a0f53a09973,Olist
1d0c4d56d5c41a141201ea8df99e59bc,Olist
1d0c4d56d5c41a141201ea8df99e59bc,Olist
17f9863585a471e9ffe77c4d4f26ecea,Olist
8a908429ab808be823f1df65872d1bcb,Olist
316c698bdf2ad2046b2a3b5fcf9a4fcf,Olist
316c698bdf2ad2046b2a3b5fcf9a4fcf,Olist
33b227a9e9ab376b81f76585279e3dd1,Olist
8445a2ff04289c3f6c1d70dc60374f4c,Olist
08e7487578bd3fb98d11c5d95f1e5db5,Olist
08e7487578bd3fb98d11c5d95f1e5db5,Olist
3ea4da2f3447247b3d78cfe6c43a637a,Olist
2534e2124e770cb87fe5b07db2b63b3b,Olist
2534e2124e770cb87fe5b07db2b63b3b,Olist
ebe643e3568fed9b2884fa21846e945a,Olist
ebe643e3568fed9b2884fa21846e945a,Olist
96e3ec2c47f9d428e77fd73f5a6b8c2d,Olist
96e3ec2c47f9d428e77fd73f5a6b8c2d,Olist
bd5c7a1c15c5bcacfd42c6edc9e8209c,Olist
8cb759609b468ec8d01195f328535068,Olist
25d44c03117c35e592017d6361154a4d,Olist
25d44c03117c35e592017d6361154a4d,Olist
7743f235e69a51423e995b0682ac8c95,Olist
b4431c0d23dfe71e608a3e723ad5c1a0,Olist
5c7166c05e0f11daa658c0e853141ec8,Olist
3563b65918969aa4770325856ec0c256,Olist
3563b65918969aa4770325856ec0c256,Olist
7f5f7aedabf1db3434414b19470fd942,Olist
6c4f1f1c4c39dc8ccd561f4f0c2135b3,Olist
403c76bf4d3111f8c5518ef8ae0349b6,Olist
403c76bf4d3111f8c5518ef8ae0349b6,Olist
fd92e79c1dfcd1ddae4d4630fef5bb7e,Olist
fd92e79c1dfcd1ddae4d4630fef5bb7e,Olist
06d99479baac3413561b21bd7ac27767,Olist
fed5b7561b589c773a4a7d7028d0ae9b,Olist
44edfdeb25a4a533df2761f27356f204,Olist
bb24d17eeb70555031e8a703ca441320,Olist
f40e11fcab48bea5f847eff467a841a0,Olist
8f65470a3b714b3a99454dc4cf3610e8,Olist
8f65470a3b714b3a99454dc4cf3610e8,Olist
00c2781c163b9f057924ed8c45c724d4,Olist
c44591b0739eb5323ce32b31619a6396,Olist
ae0b6f32627e6336a10fda276da71881,Olist
2231986257f0ec3bf5abbc49d3320e9b,Olist
0c90e2e49b87f3b84262ad7f6f7b11af,Olist
eb097f0bc1c67934f3172862f49f082d,Olist
eb4201ee621ab44ff61deab8ce0e2ee9,Olist
1ec264df7a63b93ee299b3e17c356e3b,Olist
1ec264df7a63b93ee299b3e17c356e3b,Olist
08a0a61f98f22952682f7e463ef2d43e,Olist
85706d8fd13e45bbdd93f89b557e3386,Olist
956cc3292d13bea359eaf6683f410bf6,Olist
cb7a6f9242f8a283bcd9c6047ae5c8a4,Olist
3d8fdd99e18dff4cc13218d33846b2d9,Olist
621db81dd0257835e7dbb90e5305c687,Olist
2a6179cf815c302b5b94a2bab0af39d4,Olist
b6962ceab2ca52d9e458afa14256dc02,Olist
7f3a050ba677bbe9c55a06687d767c94,Olist
8622c629a0890a4ca20d1e7016e1a613,Olist
1b866cf3a2f6c85e99d9b07c73951689,Olist
4fec1b7b504742ac7810b60fad1af235,Olist
81e08b08e5ed4472008030d70327c71f,Olist
6e2e17641815b48dd565b5c6506a4891,Olist
6e2e17641815b48dd565b5c6506a4891,Olist
5d0244490e084d6d7c6bdcfd15d34aaf,Olist
f6a6b6537e91cdb94efd469d48d78690,Olist
bb5815831c084a7c145611052d8063b5,Olist
a00118294a1ec66f7811dae1e840b97c,Olist
3a6be57061ebc68cc00b74186fe7ce5c,Olist
99926e4250dfd6677d6d1c1783d8fd6b,Olist
1f465a9c67eae2c93ea1dd105785b9a6,Olist
8f13be0d19e31d3bc6ca0ca0ad839672,Olist
3cb367d10216cbaec82d09ff0ceefeba,Olist
afecd87de20b72ea2bac4b7cdfe977f3,Olist
50920f8cd0681fd86ebe93670c8fe52e,Olist
50920f8cd0681fd86ebe93670c8fe52e,Olist
ece32f7a106669d2eae9af403290a97b,Olist
c6022afbb064be6f432fcde8a15a2b8d,Olist
c29e3f619b98fab35664181a8b8d9ab0,Olist
039a50ec3dc563eaf0bb3ecf176cdf99,Olist
c44591b0739eb5323ce32b31619a6396,Olist
95e37e43c03cc2031a994c5a554991e7,Olist
2e1ca63e5627b6125345cdd302d99835,Olist
c52ff4aa2f3f57f45ea7ce0126fd5de2,Olist
8196bd96182b01ed80b2927b8a3ccb71,Olist
ea1d44731617545fe33f839b60da6b9c,Olist
d00ec1c4fbbdafc41f42d22e67099ca0,Olist
d49cbdbee1c22fbbc2ac603f3c4f17fb,Olist
a57ca220adc4f32aed85f2faa734f3eb,Olist
c455144b0c6e78f2574b7a92f22342cf,Olist
ca3f383440e3514f41b0ebdb9b7b88f2,Olist
72241f6ac253dedd45a67f539f113891,Olist
9d5624c559f9227e5c189106774bb567,Olist
9d5624c559f9227e5c189106774bb567,Olist
5af688e5163184c0d53d53ad44bbf285,Olist
587548be8f9917924b6422e287eb4094,Olist
b2d778e324f021656721b4dc70a2535e,Olist
30cd9604d86792fe87c3b31912998520,Olist
1e51b91a1bb6df445cc3a0295863e235,Olist
88be27a75dbfc841ea1fec58b8fbb33f,Olist
72241f6ac253dedd45a67f539f113891,Olist
371af652a9491f3a5bc4c8a79c7c6327,Olist
01503d0b64036165c2f202b538de9308,Olist
aeb3d464f6b83eecd79d6fd58d6208fb,Olist
f4984d9f9ce9b3201db4932ea329cb40,Olist
11370ea4b3f9179755b40b090ff69cc2,Olist
1a13ae9c45155eae252b87ca747618d6,Olist
4ae72d0daf2448a49bf98ec1b8cf68b5,Olist
4ae72d0daf2448a49bf98ec1b8cf68b5,Olist
dc7997b49d45e3164246815f516ca5d0,Olist
954ca919bf6a26d087d71c2b5afc83db,Olist
7caae07d3441f77333b6e47ce323d251,Olist
7caae07d3441f77333b6e47ce323d251,Olist
fab4d0e05c214c4baa684e6107d77757,Olist
8ff313e25b25345f237b434e0e497869,Olist
be2e37dca4d90f0bfd4f57e676377191,Olist
c5a92db38654f2f74f3983d03661e8ad,Olist
119d2be4d56085b41d34fededa11b1bc,Olist
1676edf55749e467544f15922750a231,Olist
1676edf55749e467544f15922750a231,Olist
8cb759609b468ec8d01195f328535068,Olist
8622c629a0890a4ca20d1e7016e1a613,Olist
af3e4d3d475e09dfde313eb5d5215e9a,Olist
dc850d9e9369c7304c3a5d5111276419,Olist
fd2bc7895fa1c769be64f398f45c8dcf,Olist
fd2bc7895fa1c769be64f398f45c8dcf,Olist
3bd9cab16ac6be6b2cf08859994a06e3,Olist
9999a835a6a953d5d95e3d0d09946f6e,Olist
2cd0fcca2f6a561b34a5ce1fd920420f,Olist
fb54e4c6db413239a97873a13c366310,Olist
43204f0e1f4bf07cb995be5597dae27c,Olist
43204f0e1f4bf07cb995be5597dae27c,Olist
43204f0e1f4bf07cb995be5597dae27c,Olist
43204f0e1f4bf07cb995be5597dae27c,Olist
43204f0e1f4bf07cb995be5597dae27c,Olist
43204f0e1f4bf07cb995be5597dae27c,Olist
5fee696482bd8b0db6cb196b33e5addc,Olist
f0536d444683d894060a91bbb434fe2b,Olist
1d0c4d56d5c41a141201ea8df99e59bc,Olist
1d0c4d56d5c41a141201ea8df99e59bc,Olist
f6a6b6537e91cdb94efd469d48d78690,Olist
71583bf590a19d9a0c2073d705b73c7d,Olist
25b649c6c09ea11139ef9c010e95082b,Olist
44edfdeb25a4a533df2761f27356f204,Olist
1fc148759f50ec10a03421aaf5efd89b,Olist
7968f8e8d5429c6a0611671f5a52ed2b,Olist
a9929fa5f092ace247a1ea0a3469bbee,Olist
5b795b3311574f21bf4888f477aa1518,Olist
3f1b8132e0f236befb07915a0fe31649,Olist
8b2ff3f5bafe3a694b5c2c7f3f63f08c,Olist
7e91905decf05215f0a72ac30265facd,Olist
fa8047426049005aaa90db11b5fd39ad,Olist
5d0244490e084d6d7c6bdcfd15d34aaf,Olist
7aa5985858f6df9299d202265b71028c,Olist
7aa5985858f6df9299d202265b71028c,Olist
2bdb1510d7fa5e2e324f53d7b0ecb0d8,Olist
5e330dbfc7c1e0898dca9cd21164a3a3,Olist
3601ca87ad49d32ca2bc47dfbfad434c,Olist
b6ac8070e88a2e3a2e9550bb08aad925,Olist
f4608a440b868f3f57f378c4b8cd643f,Olist
5af688e5163184c0d53d53ad44bbf285,Olist
cdb2d7e08c5243701392d8b232a8a6b9,Olist
8da7d8627305e140749fd5d239d0e05e,Olist
209beaa8ad584bf64b28ddc0d66fd7b0,Olist
345c50dfee7c90b40557f26ff33b2145,Olist
86e84cf56a414caf580bc5b1a97bdc17,Olist
86d33a8c5cffb1ba09dbb07976202434,Olist
c9b6ccc9f42e3ac60bb09a0f53a09973,Olist
0b31586b5082359faf1b2861230a17b7,Olist
f3089c3aa82840398d566605b79546cd,Olist
927e550cffb5caa83ce9afd6ec0d886e,Olist
68d6a047603087e91e53b767332e917b,Olist
2e64d9fef4e07d2526ad4c98534bff10,Olist
42ed87227ff8fee413033011215654f6,Olist
3c666d059d0d2b62ce5feb29e07175ba,Olist
bb6a81fae449a2e3e9e681597076c571,Olist
bb6a81fae449a2e3e9e681597076c571,Olist
df0d4b8e8a3e8db72951d7559f3bda46,Olist
02af4338e00cfed3af1a15854865879c,Olist
8e143bd17293b4a7d8ad77b56995d8f3,Olist
9361bfedd3cac453b63251a79df9928a,Olist
b49786f49847d2fecf5ba2d455321642,Olist
870adbb0525043aafd98bf1fa4660515,Olist
3563b65918969aa4770325856ec0c256,Olist
3563b65918969aa4770325856ec0c256,Olist
0c90e2e49b87f3b84262ad7f6f7b11af,Olist
60f9e585dc9b496f05d64d43ec8d863f,Olist
6f09e38cfdea8ab7077adff5783ff384,Olist
2ee64c10ba69ec9d4d5bf49f592c5fd2,Olist
2ee64c10ba69ec9d4d5bf49f592c5fd2,Olist
d345248d0461cfb967ec4c9b02feb77d,Olist
c86d48649ada1cc512d6376da4feb479,Olist
17f9863585a471e9ffe77c4d4f26ecea,Olist
bb41621dbfca3e75a50bd5b4d4246122,Olist
dbf67ffbea0a80040ea2b6cde14ea06f,Olist
f6a9bfc46722d91dc2306b08a0b8e11a,Olist
ca6e57539d37dce0eb0918a00d8ce7b3,Olist
5ba3002b920d588cc7e1e1a796713e0b,Olist
edd13a1ddf89812084c9545dadc62505,Olist
8a5bfb2a4133b557df91c46ab115fab0,Olist
186608f18ca3d1976bd9c3b0cf3ceee9,Olist
0879c47e542184edf3c921d2fee17084,Olist
a0561b2c7966b97f7f00862466db854c,Olist
74cdb1ab8c425749c6f327357549b4e1,Olist
689ce9ef571f7142f069dca1467b8804,Olist
f3089c3aa82840398d566605b79546cd,Olist
78cfeec6e3001828529400f0cb18c8cf,Olist
84c17812858f1155ffcb307ef1ece533,Olist
ebfafa93320c769d9b60740fbc5cad2f,Olist
ebfafa93320c769d9b60740fbc5cad2f,Olist
85df45704acdf1ff318576830a282d19,Olist
ba94c4a2ea6b73745411d64f48180b6c,Olist
6cd0023a7262f2b816862e3107508624,Olist
2f3f2192e521a60c3f97f340e9f964a9,Olist
2f3f2192e521a60c3f97f340e9f964a9,Olist
a9929fa5f092ace247a1ea0a3469bbee,Olist
5f137a3d1d167ed6fb9e59086c9aea86,Olist
04612c0745e93a575dac8d71974c805d,Olist
bcc8786f4ffaaa491f2df9a1a089051a,Olist
006431d77c665533ac99b501d8a6ab06,Olist
d92c4eb4cfeca0de7c933dcf36d2f7ea,Olist
ac909d4d7eea34a00a8655edd9073c81,Olist
ac909d4d7eea34a00a8655edd9073c81,Olist
174ab3e10eca3720a1690756f6b9a41e,Olist
174ab3e10eca3720a1690756f6b9a41e,Olist
954ca919bf6a26d087d71c2b5afc83db,Olist
f37b50df65da43da826393fd732a5b8a,Olist
f37b50df65da43da826393fd732a5b8a,Olist
9a603a2b22060e5a6a1120fba32492e3,Olist
958e287b02a53d2107c61ec4ac90943e,Olist
1bc71b602df36cf88f5f670d787f4f34,Olist
3448488008d7d108e6293951e93b5d91,Olist
3448488008d7d108e6293951e93b5d91,Olist
d6646ea91d8cd9fc7e6882a7068779d4,Olist
7494ae1e55023e9aec5848c8021096ad,Olist
c9ed1372491fe078c373a4d099778146,Olist
1472a76c9d36fd2791393544b9c92983,Olist
ca5d72f1c65589324e254fde9bf9b59e,Olist
3d5e96edb61b43fa3ffe0d7af362b43b,Olist
3d5e96edb61b43fa3ffe0d7af362b43b,Olist
8a9e3fa1b04cb91e2a8565cc5927c4a7,Olist
a00118294a1ec66f7811dae1e840b97c,Olist
829bbe1394c6df95d98dee8feefb977a,Olist
3d3a914f6c224c43dfb53fb6d29bdb31,Olist
f99b5ad76ac1085ae3628a3dc0eff0af,Olist
098ff9996de8b54d861bf8da445ba2ca,Olist
50373f94972551a5992be3b0c536aef4,Olist
50373f94972551a5992be3b0c536aef4,Olist
add4449b1b01cfe21c015464931c4a36,Olist
4099418e7cdb9ce6b7fb765b203bbd4b,Olist
f0536d444683d894060a91bbb434fe2b,Olist
a05aa53174f5a1acddbbe75a8bd52779,Olist
895434c8d9230fae601c1d97c1bb7b38,Olist
912bee72812fad679d82c1178f108ae8,Olist
1765717276473594d6231f90c621ea9d,Olist
0980d72e94bede8b0f7d8a4cd32511c8,Olist
480dc46515697aa029be23aca93a58a8,Olist
c4a84cf3df4df3a4ca3f7d8856169ba8,Olist
c4a84cf3df4df3a4ca3f7d8856169ba8,Olist
01cc8550598fb6140923843e6c06326e,Olist
bf5f82244d3e1de7eb04021eef2c1ad1,Olist
8531003935cdca531082191dd5f53eca,Olist
8531003935cdca531082191dd5f53eca,Olist
dc7dc47999d1b3c4c2f6a085a1a76eef,Olist
039a50ec3dc563eaf0bb3ecf176cdf99,Olist
2e64d9fef4e07d2526ad4c98534bff10,Olist
78292d3014075572ac392eafc05ae2b9,Olist
1bc71b602df36cf88f5f670d787f4f34,Olist
482df3fe6bb8725879bd1f1a2d656319,Olist
9816d0326859ba1eb4e164f69079c447,Olist
85df45704acdf1ff318576830a282d19,Olist
e0ce7391d9564824f77eca9c2c99f1bd,Olist
ae68a047db8668d643d62fd6c90b7202,Olist
6a3e325c41d9bf26e23a25e1158851fe,Olist
6388e7c216b24a512b375a525d7ff4b7,Olist
f7fd335725f778c5e85be886b3ac21ee,Olist
f7fd335725f778c5e85be886b3ac21ee,Olist
ae1a0576d2d6b806f8ac488e766b7b4a,Olist
054c3d6634ff610c71c882d6f157bb34,Olist
054c3d6634ff610c71c882d6f157bb34,Olist
b20d152a5e664ad3eeb7c0095a72c053,Olist
023fafd700dff9fcc64d28e2defe98b9,Olist
a9f353609242c268174ec433f45f8440,Olist
0980d72e94bede8b0f7d8a4cd32511c8,Olist
c45206e382316020fc79fff63278a3c5,Olist
1a32b53faf914452175c5464561e8f85,Olist
d854153b7476df74f10bda5c56d37413,Olist
1be3aceab3595d6f6b923858d5b44edd,Olist
9f0398b6761fbae87a157c3956230a1f,Olist
0a1086a4021cc95c10d53035aa0e012c,Olist
11e6a06de4b661603476106fa2903210,Olist
96bb78ecaedef53ef3ac2745f906fe0f,Olist
c4a84cf3df4df3a4ca3f7d8856169ba8,Olist
c4a84cf3df4df3a4ca3f7d8856169ba8,Olist
cf024859f4ffebc952f2aa7161383ce9,Olist
7e91905decf05215f0a72ac30265facd,Olist
ce52946bd084285588a2d44aac2394ed,Olist
042b53f9e609289d8f6fcbd59b4acf63,Olist
042b53f9e609289d8f6fcbd59b4acf63,Olist
042b53f9e609289d8f6fcbd59b4acf63,Olist
5adc7c631f3b01d335bb013fb3e71bd8,Olist
cb71c329ef62ba1759214a90c8888a65,Olist
0a7cdb607bacd00cb014013d91f5a218,Olist
368f207cdc8f5c93a2b2a5d4cce96ba8,Olist
21de634855f444443723e6c8b224ae69,Olist
7aa1405659e935dd74d52e7232d8299a,Olist
5c15488d1970472a9bbcd68ac1468e33,Olist
66446be15e059663cab1f9b17cf6d3a2,Olist
7afffca41e83ce5daed57b022ab5cd74,Olist
3545524b94d7564dc8e66d9ca95c367e,Olist
9f3ba5021e7a34b5e5eb9dc0dbf866a1,Olist
0b240c246a1a3eceb71f40a707cc23c9,Olist
0b240c246a1a3eceb71f40a707cc23c9,Olist
a93e6e1bad3b9d95239b7dd652a1ff13,Olist
0bb6025d17db5fa2352692bc680873bd,Olist
0bb6025d17db5fa2352692bc680873bd,Olist
c85dee4c2d489b0a3108b2b4484c5644,Olist
578caaf393f2b39426846f3b87066cb6,Olist
673f9ecd301f44cafba9b0191ff198ad,Olist
8738ff633d54ab19562fc3b7d23f9fd0,Olist
90ed84eba98a8891cb203e89cdada422,Olist
2ea3c1a8474fbd79dc4862f7ccf26ced,Olist
8b74477fc8168aeeed71d94c2b040125,Olist
4c76d92d6fde25bf9415c77794dc07c5,Olist
eb01458c81d62a979b212b8d740afe4e,Olist
